clientMac,group,transition,uniquePlaces,totalTime
e1bc,active (others),2,2,2609
7a17,inactive (dorm),1,1,3585
18ad,in-the-wild (others),5,1,3094
cf0a,active (others),1,1,3309
c0ad,in-the-wild (others),10,8,3522
0a1a,inactive (dorm),1,1,2993
67ba,active (others),1,1,3593
34f4,inactive (dorm),1,1,3538
fd31,inactive (dorm),1,1,3326
0b74,inactive (dorm),1,1,2743
ae1d,inactive (dorm),1,1,3077
41d3,inactive (dorm),1,1,3252
b0cd,inactive (dorm),1,1,1459
2536,inactive (dorm),1,1,3560
38fb,active (others),1,1,178
f8a8,active (others),2,2,971
9780,in-the-wild (others),9,5,3595
74f5,active (others),1,1,3579
2428,inactive (dorm),1,1,178
3882,inactive (dorm),1,1,3268
8ab2,active (others),3,1,3496
928c,active (others),2,2,3256
f26c,active (others),1,1,3383
d126,inactive (dorm),1,1,3392
7a6a,active (others),1,1,3389
9a2f,inactive (dorm),1,1,985
afa6,inactive (dorm),1,1,3550
e715,active (others),1,1,3363
8b2c,in-the-wild (others),7,7,2338
83fc,in-the-wild (others),12,11,3565
6dd2,active (others),6,6,3096
2afd,active (others),1,1,1261
34ba,active (others),1,1,3431
654c,active (others),1,1,3518
c232,active (others),1,1,252
7a5a,active (others),14,10,3550
4ed8,active (others),1,1,2496
fd61,active (others),1,1,2661
a20c,inactive (dorm),1,1,3593
e1ed,inactive (dorm),1,1,3168
d27c,active (others),1,1,3538
1af4,active (others),1,1,527
a0e0,active (others),3,3,3412
069f,active (others),1,1,3224
9175,active (others),1,1,3174
19b2,active (others),1,1,3587
8b1c,inactive (dorm),1,1,2837
c0f1,active (dorm),3,2,1987
97ea,active (others),1,1,3208
31f4,inactive (dorm),1,1,3569
4900,active (others),1,1,3560
c146,inactive (dorm),3,1,2881
8dbe,active (others),1,1,2632
4e3c,active (others),3,2,3546
15c8,active (others),3,3,3577
e234,inactive (dorm),4,1,417
75f3,active (others),1,1,3442
ba51,inactive (dorm),1,1,1659
20d1,inactive (dorm),1,1,562
e1a5,inactive (dorm),1,1,1965
0cb2,active (others),1,1,3542
b22a,inactive (dorm),1,1,3135
8ee0,active (others),1,1,2182
5b96,active (others),2,2,2815
5b44,active (others),1,1,3536
2cb2,in-the-wild (others),1,1,3290
cd6b,active (dorm),5,3,3044
3871,in-the-wild (others),4,4,1843
5865,inactive (dorm),1,1,3526
b6de,active (others),1,1,3558
0c91,active (others),4,4,3299
2c27,active (others),1,1,3530
0fe9,inactive (dorm),1,1,1211
043f,inactive (dorm),1,1,3464
3816,active (others),1,1,3492
472a,in-the-wild (others),3,3,3556
8b4c,active (others),3,3,1958
8af8,active (others),1,1,3595
f6ec,active (others),1,1,2090
569b,active (others),1,1,3595
9abe,active (others),1,1,3569
63d4,in-the-wild (others),1,1,3569
6ea3,inactive (dorm),1,1,3476
31df,inactive (dorm),2,1,3492
f55b,inactive (dorm),1,1,3373
0418,in-the-wild (others),1,1,3236
e75b,active (others),3,3,3585
344d,active (others),3,3,3508
f508,inactive (dorm),1,1,1823
372f,in-the-wild (others),1,1,3494
aa81,active (others),3,2,3290
ac19,in-the-wild (others),4,4,2811
8f9f,inactive (dorm),1,1,3558
d5a3,inactive (dorm),1,1,1417
2ab5,active (others),1,1,1722
5cec,in-the-wild (others),3,2,3392
ed2a,active (others),1,1,2696
bc12,active (others),1,1,3377
09b9,active (others),1,1,1708
fe63,active (others),2,2,3193
fb21,active (dorm),2,2,3565
b21d,active (others),5,5,3587
2135,active (others),3,2,3340
5745,active (others),1,1,3597
ce1b,active (others),1,1,3264
c3aa,active (others),2,2,3510
21dc,in-the-wild (others),7,2,3571
8459,active (others),3,2,1780
c4cc,inactive (dorm),1,1,3571
87ae,active (others),1,1,3170
f5bb,active (others),1,1,3589
64e4,active (others),1,1,3589
2e90,inactive (dorm),1,1,1806
e35f,active (others),1,1,3414
3f17,in-the-wild (others),4,4,3567
445e,inactive (dorm),1,1,3591
1255,active (others),3,3,341
dcb0,active (others),3,3,2802
7a84,active (others),1,1,2909
fbf6,active (others),1,1,3079
771f,active (dorm),4,3,3591
748b,active (others),2,1,3512
9f82,in-the-wild (others),3,3,3565
f4de,active (others),1,1,3577
2e36,active (others),5,1,3392
0217,active (others),5,4,452
fe5d,active (others),1,1,3305
80b0,active (others),10,7,1802
2aa0,active (others),1,1,3460
67d4,active (others),2,1,2839
2d27,in-the-wild (others),2,2,2769
8b8b,active (others),3,3,3338
ab96,in-the-wild (others),4,4,1689
133d,active (others),3,3,1944
6dda,active (others),2,1,3583
09b8,active (others),2,2,3589
24d2,active (others),1,1,2671
5e76,active (others),1,1,3512
4981,active (others),1,1,3224
f222,active (others),2,2,3540
0af5,active (others),1,1,2546
47cc,in-the-wild (others),5,3,3096
624d,in-the-wild (others),9,9,3593
8281,inactive (dorm),1,1,1997
d681,active (others),1,1,3534
a5c3,active (others),1,1,3147
dfbd,active (others),2,2,1350
4d8b,active (others),1,1,3577
5a3b,active (others),2,2,2332
f81e,active (others),1,1,2796
450f,in-the-wild (others),6,5,1238
07d8,active (others),2,1,3585
4fba,active (others),1,1,3435
1b35,inactive (dorm),1,1,3540
684e,inactive (dorm),1,1,3583
feba,active (others),1,1,1435
63d5,active (dorm),6,5,3534
1ca4,active (others),1,1,3143
d913,in-the-wild (others),11,8,3522
8d39,active (others),2,1,3429
ed1c,active (others),1,1,2556
7504,active (others),5,2,1153
7627,active (others),2,2,1096
2a4b,inactive (dorm),1,1,18
a009,in-the-wild (others),2,2,3546
815b,in-the-wild (dorm),4,3,997
dfda,active (others),2,1,3456
c7d4,active (others),1,1,3365
7c67,active (others),1,1,3398
c510,inactive (dorm),1,1,2854
7c2a,active (others),1,1,3448
ca06,active (others),4,2,3492
ab66,active (others),1,1,2307
3991,inactive (dorm),1,1,3492
4902,active (others),1,1,3520
9324,active (others),1,1,3597
359a,active (others),1,1,3589
cc98,inactive (dorm),1,1,3587
42ee,active (others),1,1,3151
dd4e,inactive (dorm),1,1,3544
bb5e,active (others),1,1,2638
f845,active (others),1,1,1993
bf3e,active (others),2,2,872
ea66,active (others),1,1,3290
dc80,active (others),1,1,3573
a2c8,active (others),1,1,2615
ea66,active (others),1,1,219
ecd9,active (others),3,3,3377
a9cf,active (others),3,2,2275
44da,inactive (dorm),1,1,3398
9eef,inactive (dorm),1,1,1222
4934,inactive (dorm),1,1,3565
1e92,active (others),1,1,3044
2d77,inactive (dorm),1,1,3470
8a4f,active (others),1,1,3208
80d2,active (others),1,1,928
5199,active (others),1,1,1157
ff31,in-the-wild (others),5,4,3544
ba13,active (others),1,1,442
19eb,active (others),1,1,1265
497a,active (others),3,1,3208
29bb,active (others),3,1,3587
1e7d,in-the-wild (others),1,1,3204
2a04,in-the-wild (others),7,5,3518
6ef6,active (others),7,4,3587
a1ad,inactive (dorm),1,1,840
3bb2,active (others),3,1,624
04e3,inactive (dorm),1,1,3583
6749,active (dorm),3,3,2981
38f3,active (others),1,1,3575
2c44,active (others),1,1,1685
5bbd,active (others),1,1,3530
3b89,inactive (dorm),1,1,3336
b8fe,inactive (dorm),1,1,3522
6d69,active (others),1,1,2883
3c34,active (others),1,1,3400
8fd7,active (others),1,1,712
eb20,active (others),1,1,3538
08bb,inactive (dorm),1,1,1954
9b0b,inactive (dorm),1,1,1806
cd33,inactive (dorm),1,1,86
9092,active (others),3,1,3022
54ae,active (others),1,1,1100
e2b0,in-the-wild (others),1,1,3427
cab5,in-the-wild (others),1,1,2638
b3a7,active (others),1,1,3462
6691,active (others),1,1,3524
e703,active (dorm),6,3,2214
5f46,active (others),1,1,1564
cfd7,active (others),1,1,1928
dff9,in-the-wild (others),3,3,1568
5f1e,inactive (dorm),1,1,3462
bb14,inactive (dorm),1,1,3560
86aa,active (others),1,1,3571
eb44,in-the-wild (others),4,2,450
64ff,inactive (dorm),1,1,3303
9e3c,in-the-wild (others),9,8,3581
65bf,active (others),1,1,1667
5fc2,active (others),1,1,3448
3558,active (others),1,1,3569
0a36,active (others),1,1,3332
125b,inactive (dorm),1,1,3554
17c2,inactive (dorm),1,1,3326
aa93,in-the-wild (others),1,1,1024
dbcc,active (others),1,1,1651
60ca,inactive (dorm),1,1,2848
76f3,active (others),2,2,1308
48dc,inactive (dorm),1,1,1148
5fc9,active (others),2,2,3540
c779,active (others),1,1,3595
3034,inactive (dorm),1,1,3552
9f9c,active (others),1,1,2687
4ddc,inactive (dorm),1,1,3028
ecd5,active (others),2,2,3344
dfdf,active (others),3,2,3377
88ea,inactive (dorm),1,1,30
5e1a,active (others),1,1,3518
8480,active (others),7,6,3342
3f74,active (others),3,3,2314
b72e,active (others),1,1,349
c396,active (others),3,2,3573
bf73,in-the-wild (others),1,1,3073
4faf,active (others),1,1,1979
242e,active (others),1,1,1796
1085,active (others),1,1,3593
e47a,active (others),1,1,158
932e,active (others),1,1,615
929e,active (others),1,1,1041
a120,inactive (dorm),1,1,3412
7d22,active (others),1,1,2948
975a,active (dorm),3,3,3168
8c63,active (others),1,1,2241
c82b,active (others),2,2,3448
dc33,in-the-wild (others),6,3,2710
019a,active (others),1,1,1758
9b94,active (others),2,1,3540
4caf,in-the-wild (others),1,1,727
0234,inactive (dorm),2,1,337
4574,inactive (dorm),1,1,3433
6acd,active (others),1,1,3288
29c7,in-the-wild (others),2,1,1973
b461,active (others),1,1,3129
0db9,active (others),1,1,3571
5858,active (others),1,1,38
fa12,active (others),1,1,3053
beeb,active (others),1,1,3166
d9f4,in-the-wild (others),3,2,3450
5666,active (others),1,1,66
64ce,active (others),1,1,3454
d1d2,active (others),1,1,1080
af37,active (others),1,1,2618
b37a,in-the-wild (others),5,3,3536
0add,active (others),7,3,3077
db3c,active (others),1,1,2131
d4eb,active (others),1,1,2562
b1f8,active (others),15,9,3595
28e7,in-the-wild (others),1,1,3440
bab6,active (others),1,1,1125
3905,active (others),2,2,3540
0936,active (dorm),6,3,3526
47c0,active (others),3,2,3448
06f5,in-the-wild (others),1,1,2265
3bff,active (others),3,1,3460
7fc5,in-the-wild (others),17,11,2936
0a36,active (others),1,1,3558
bc18,active (others),1,1,1641
70dd,in-the-wild (others),6,6,3575
76c8,active (others),1,1,2952
ae1d,inactive (dorm),1,1,1060
bce0,active (others),1,1,1143
ae50,active (others),1,1,3591
a762,active (others),1,1,3322
7fc1,active (others),1,1,922
6d2b,active (others),1,1,2447
bd7b,inactive (dorm),1,1,3571
43f5,active (others),1,1,3522
9384,in-the-wild (others),1,1,2802
1abd,active (others),1,1,3587
1d67,active (others),1,1,3005
3c76,in-the-wild (others),1,1,1956
6096,active (others),1,1,3425
4b7a,active (others),1,1,1636
e761,active (others),1,1,2273
ac3b,in-the-wild (others),1,1,2028
03db,active (others),1,1,158
848c,active (others),1,1,49
2635,active (others),2,1,2778
1011,active (others),1,1,3038
8b8e,active (others),1,1,2817
137d,in-the-wild (others),5,3,3573
b23b,inactive (dorm),1,1,3540
2ffb,active (others),1,1,3522
63c7,active (others),1,1,1889
9f12,in-the-wild (others),1,1,3595
2c32,inactive (dorm),1,1,2976
862b,active (others),9,8,3361
3b18,active (others),1,1,3504
1049,active (others),1,1,3318
33f0,active (others),1,1,3540
47c4,in-the-wild (others),4,3,2873
733a,active (others),2,2,2102
37a8,active (others),1,1,2151
51d7,active (others),1,1,1316
423e,active (dorm),3,2,3460
998c,active (others),1,1,1094
f76a,active (others),1,1,1989
75f3,in-the-wild (others),1,1,2533
a3a1,in-the-wild (others),1,1,3556
0c5a,in-the-wild (others),1,1,3024
7db7,inactive (dorm),1,1,1352
5389,in-the-wild (others),1,1,3595
59f5,in-the-wild (others),1,1,3502
92de,inactive (dorm),1,1,2877
0c82,in-the-wild (others),1,1,3212
d90a,inactive (dorm),1,1,3232
b5c8,active (others),1,1,2969
0e47,active (others),1,1,3067
8882,inactive (dorm),1,1,3573
1c3c,active (others),9,9,1619
82e0,inactive (dorm),1,1,3544
f495,inactive (dorm),1,1,3583
60ed,inactive (dorm),1,1,3232
3be9,active (others),1,1,3579
1572,active (others),1,1,3460
faad,in-the-wild (others),1,1,1611
5c16,active (others),1,1,2316
8c66,active (others),7,5,3546
16b7,active (dorm),3,3,3334
e2ac,active (others),1,1,3067
59f5,active (dorm),2,2,852
4db9,active (others),1,1,96
4cd7,inactive (dorm),4,1,3307
1de2,active (others),3,3,3435
6436,active (others),1,1,1821
c0c0,active (others),3,2,3595
7b21,active (others),1,1,1784
8fa9,active (others),2,2,3587
2db6,active (others),2,2,2852
23d3,in-the-wild (others),4,4,3069
f393,active (others),1,1,3558
1498,active (dorm),3,2,3381
26fe,active (others),1,1,3450
ae70,active (others),3,2,2786
2363,active (others),1,1,3260
b131,active (others),1,1,3174
e7c9,in-the-wild (others),4,1,3460
ef30,in-the-wild (others),3,2,2622
b3ed,active (others),1,1,3540
053b,active (others),1,1,2166
0301,active (others),5,3,2934
df0a,inactive (dorm),1,1,3468
e952,inactive (dorm),1,1,3168
79a5,active (others),1,1,3516
16ea,in-the-wild (others),3,2,3554
1cf0,in-the-wild (others),1,1,904
4f12,active (others),1,1,2997
5af5,active (others),4,4,3355
4577,active (others),1,1,3524
26f3,active (others),1,1,2263
8ca0,active (others),1,1,3567
30d4,in-the-wild (others),2,2,3332
bc82,active (others),3,1,3565
e3e7,in-the-wild (others),1,1,3242
7c8c,active (others),1,1,3189
7ccb,active (others),1,1,3587
843e,active (others),1,1,1901
bf8f,active (others),4,4,2277
163d,active (others),1,1,3295
60cf,active (others),1,1,1843
30ae,active (others),1,1,3100
dd2d,active (others),1,1,3510
5cbe,active (others),3,3,2281
6207,inactive (dorm),1,1,3536
d4b8,in-the-wild (others),21,4,3212
4ab4,inactive (dorm),1,1,3160
c352,active (others),12,6,3585
400c,active (others),1,1,3440
a7ca,in-the-wild (others),6,4,3552
eac0,active (others),1,1,38
a01f,in-the-wild (others),1,1,59
9779,active (others),3,3,1123
2c99,active (others),1,1,3589
64f7,active (others),3,3,3558
10fe,active (others),1,1,3406
821a,active (others),2,1,1177
b3af,in-the-wild (others),1,1,3540
29b7,in-the-wild (others),3,2,3577
953a,in-the-wild (others),4,3,2326
b826,active (others),1,1,3121
a702,active (others),1,1,3488
b3f4,active (others),1,1,3563
0c57,active (others),1,1,2702
0e65,active (others),2,1,3536
a74b,active (others),1,1,92
3128,inactive (dorm),1,1,3071
f299,active (others),1,1,2934
af77,inactive (dorm),1,1,3476
9a0d,inactive (dorm),1,1,3534
ae92,inactive (dorm),1,1,3591
da65,inactive (dorm),1,1,3222
433f,inactive (dorm),1,1,3322
7fde,inactive (dorm),1,1,3286
6b71,inactive (dorm),1,1,3197
a132,active (others),1,1,460
2ce3,active (others),1,1,2721
627f,active (others),1,1,3538
0f29,active (others),8,4,3583
79af,in-the-wild (others),7,7,3272
e3d0,active (others),2,2,3565
d8e2,active (others),5,2,3518
5381,in-the-wild (others),1,1,2394
5bf9,active (others),5,1,333
7389,active (others),1,1,3514
6078,active (others),4,3,2892
d981,in-the-wild (others),1,1,288
27b9,active (others),1,1,3342
6eb2,active (others),1,1,3550
b40b,active (others),1,1,1897
05fe,inactive (dorm),1,1,2486
dd6a,active (others),2,2,1402
d49e,active (others),3,3,2355
9527,active (others),4,2,3587
e8d1,active (others),1,1,3236
0686,inactive (dorm),1,1,3286
90ac,active (others),2,1,3573
4a39,inactive (dorm),1,1,3454
0878,active (others),1,1,3314
11d3,active (others),1,1,3147
d213,active (others),1,1,1839
8002,active (others),1,1,1056
6216,inactive (dorm),1,1,783
baad,in-the-wild (others),2,1,3554
b203,active (others),1,1,3577
63d4,active (others),1,1,178
45d7,active (others),5,3,2166
c3cf,in-the-wild (others),5,4,2761
242e,active (others),2,2,3416
da67,active (dorm),3,2,3433
0773,active (others),1,1,3414
02e9,inactive (dorm),1,1,3462
3118,active (dorm),3,2,3516
5a83,active (others),1,1,3558
286d,active (others),1,1,1165
9800,active (others),1,1,1499
59e0,active (others),4,4,3526
2d67,active (others),2,2,280
fe56,active (others),2,1,3536
c731,active (others),1,1,3581
d85f,active (others),1,1,3577
c340,active (others),1,1,3470
358a,active (others),1,1,3514
d116,in-the-wild (others),8,7,3591
ba73,in-the-wild (others),2,2,3170
7549,active (dorm),5,5,979
a00a,active (others),3,2,2028
93e0,active (others),1,1,3579
3926,active (others),1,1,3301
9fc8,active (others),3,3,1330
4a31,in-the-wild (others),1,1,887
94b4,active (others),1,1,3579
3915,inactive (dorm),1,1,1636
f0ea,active (others),2,2,3387
749d,active (others),3,3,611
908c,active (others),1,1,260
ab34,active (others),2,2,3512
1408,inactive (dorm),1,1,1681
392f,active (others),1,1,3565
6f02,active (others),1,1,3488
8e5b,active (others),7,6,2877
3249,in-the-wild (others),5,4,3522
75c0,active (others),1,1,2879
ccf3,inactive (dorm),1,1,417
2826,active (others),1,1,3510
50ed,active (others),1,1,427
6883,active (others),1,1,969
e8d6,inactive (dorm),1,1,3252
9709,active (others),1,1,3394
ee81,active (others),1,1,2620
2c74,active (others),1,1,2556
c07a,active (others),1,1,3153
cca5,active (others),1,1,2
26c9,active (others),3,3,3530
926e,inactive (dorm),1,1,3016
9629,in-the-wild (dorm),2,2,2494
535e,active (others),1,1,2426
0f46,active (others),4,2,3452
7b17,active (others),1,1,3546
8607,in-the-wild (others),1,1,2665
0dd1,active (others),2,2,2596
d64f,active (others),1,1,3579
cba5,inactive (dorm),1,1,2114
29e4,active (others),1,1,2081
d89c,active (others),4,2,3546
1082,active (others),2,2,1874
5ecb,inactive (dorm),1,1,2934
487a,active (others),3,2,2552
b5e6,active (others),1,1,3532
ca09,active (dorm),7,3,3506
1240,active (others),1,1,515
63a7,active (others),3,1,2919
aff1,active (others),1,1,3552
3ad8,in-the-wild (others),2,2,3394
8207,in-the-wild (others),1,1,842
7c07,active (others),1,1,3336
c98f,inactive (dorm),1,1,3200
55ed,active (others),1,1,3147
d863,active (others),13,2,3563
6a4e,active (others),1,1,3195
c30d,active (others),4,4,3496
1e2d,active (others),1,1,3595
b429,active (others),2,1,3478
783e,in-the-wild (others),2,1,3496
edc0,active (others),1,1,3512
83a9,in-the-wild (others),1,1,3506
3dd1,inactive (dorm),1,1,3482
3911,in-the-wild (others),2,1,1876
fe9a,inactive (dorm),1,1,189
6048,in-the-wild (others),5,4,2143
07fc,inactive (dorm),1,1,1488
c537,active (others),1,1,1934
5ea0,active (others),1,1,3408
ba1b,active (others),1,1,3565
9ac5,in-the-wild (others),4,3,3585
50ef,active (others),3,3,244
a39d,active (others),1,1,3587
4c41,active (others),1,1,1800
8a95,active (others),2,2,3558
fb9c,active (others),1,1,1119
9ec7,active (others),1,1,3585
5eca,active (others),1,1,3558
0e26,active (others),1,1,3554
7ea9,in-the-wild (others),2,2,2946
566d,active (others),1,1,3577
1dec,active (others),1,1,3234
8839,active (others),3,3,3429
1ca7,in-the-wild (others),9,8,3454
4ff2,active (others),2,2,3220
90d9,active (others),1,1,3329
6267,active (others),1,1,3563
4672,active (others),1,1,3178
3395,inactive (dorm),1,1,2295
e6f8,in-the-wild (others),1,1,2745
14d3,active (others),1,1,3575
fcba,active (others),1,1,3546
38d2,in-the-wild (others),1,1,714
77fb,active (others),1,1,3498
b236,active (others),4,3,2293
8578,active (dorm),6,4,3597
898e,active (others),7,5,3595
bb7b,active (others),1,1,3585
c2af,active (others),8,8,2804
e979,inactive (dorm),1,1,3585
ea4a,active (others),2,2,3381
5987,active (others),1,1,548
962e,active (others),1,1,2412
d3e7,in-the-wild (others),1,1,1995
caea,active (others),2,1,3552
1362,active (others),6,6,3468
9ac1,active (others),1,1,3440
345d,in-the-wild (others),1,1,381
bd35,active (others),1,1,3575
81d6,active (others),1,1,3552
92f9,inactive (dorm),1,1,3416
7c2b,active (others),3,1,3448
cbfa,active (others),8,4,3482
50a8,active (others),2,1,3110
a0e5,active (others),2,1,3540
fd44,inactive (dorm),1,1,2829
41f0,inactive (dorm),1,1,3571
d664,active (others),2,2,3585
558a,active (others),1,1,3112
5dc1,active (others),1,1,3435
4a0a,active (others),2,2,3238
108d,inactive (dorm),6,1,3065
57d9,active (others),1,1,2265
ef0c,active (others),3,1,3579
4409,active (others),3,3,3512
a834,active (others),2,2,3028
4deb,active (others),2,2,3575
048d,active (others),4,3,3571
c2db,active (others),3,2,1780
cb91,inactive (dorm),1,1,603
aa0b,active (others),1,1,1981
91ef,active (others),1,1,3301
8aaa,inactive (dorm),1,1,3416
1d05,active (others),1,1,3583
96db,active (dorm),2,2,3286
1cc6,inactive (dorm),1,1,3178
8bfc,in-the-wild (others),3,1,3252
5f5a,active (others),5,5,3593
50d9,in-the-wild (others),5,1,3472
175c,active (others),4,3,3488
195d,active (others),1,1,2314
9f4d,active (others),1,1,1924
5c54,active (others),1,1,3508
c567,in-the-wild (others),4,4,3369
a4da,active (others),1,1,533
9028,inactive (dorm),1,1,3334
1ede,active (others),2,2,3595
427b,active (others),5,2,3554
2188,active (others),1,1,2983
5420,active (others),1,1,1437
3181,active (others),1,1,3252
9a64,inactive (dorm),1,1,2967
ae85,in-the-wild (others),3,3,1821
569b,active (others),1,1,704
f01e,active (others),1,1,3575
9e39,inactive (dorm),1,1,3053
217f,in-the-wild (others),1,1,3433
86f4,active (others),1,1,454
626f,active (others),1,1,3540
9085,active (others),1,1,215
c8cb,active (others),3,3,3176
0d4d,active (others),1,1,488
0fb7,active (others),2,2,3488
5905,active (others),1,1,3575
c15d,active (others),1,1,3554
72bb,active (others),1,1,2841
5b40,inactive (dorm),1,1,2804
f6ab,active (others),1,1,3147
e13b,in-the-wild (others),1,1,24
8883,active (others),1,1,3518
d6be,active (others),1,1,3504
9c5b,active (others),1,1,3534
f449,inactive (dorm),1,1,3563
3a52,active (others),1,1,135
4fdb,active (others),4,3,2831
2928,in-the-wild (others),1,1,3595
cba8,active (others),5,4,3288
e418,inactive (dorm),1,1,3342
9422,in-the-wild (others),1,1,2202
4377,active (others),1,1,3534
beb6,inactive (dorm),1,1,222
d325,active (others),1,1,877
780e,in-the-wild (others),1,1,53
2b7a,inactive (dorm),1,1,2349
e125,inactive (dorm),1,1,1956
b45c,inactive (dorm),1,1,3542
0014,active (dorm),4,4,3597
d8cd,inactive (dorm),1,1,1250
0533,active (dorm),2,2,951
997d,in-the-wild (others),3,3,3583
45f6,active (others),1,1,1849
534e,active (others),1,1,3024
8560,active (others),4,1,2394
aedf,active (others),5,1,3579
cedd,active (others),1,1,3520
64ee,in-the-wild (others),2,2,1829
d8fb,active (others),1,1,3429
99b9,active (others),1,1,2622
f5e0,active (others),2,2,1993
15e6,inactive (dorm),1,1,3492
d775,active (others),1,1,3544
9f65,active (others),7,7,3540
8726,in-the-wild (others),6,6,2613
a034,inactive (dorm),1,1,1297
2a49,inactive (dorm),1,1,3350
7043,active (others),1,1,391
e05f,inactive (dorm),3,1,3425
910d,in-the-wild (others),1,1,2983
4c0b,in-the-wild (others),6,5,3135
d247,active (others),1,1,3522
0da9,active (others),1,1,425
d3d3,active (others),2,2,3365
b8ed,active (others),1,1,1211
df2c,active (others),1,1,3352
f57f,active (others),3,3,3125
0ca8,active (others),5,3,3589
a89a,active (others),2,1,3193
4845,active (others),1,1,2708
4de8,active (others),3,1,2798
8734,in-the-wild (others),4,4,3593
7f4a,inactive (dorm),1,1,3577
e91c,active (others),1,1,3348
18fa,active (others),1,1,2600
2903,active (others),1,1,3538
15f1,active (others),2,1,3016
fec7,inactive (dorm),1,1,973
48a1,inactive (dorm),1,1,3094
1a11,active (others),5,4,1796
751e,in-the-wild (others),1,1,3067
e8c9,active (others),5,4,3462
f2e6,inactive (dorm),3,1,3571
36ee,active (others),1,1,3556
2384,in-the-wild (others),2,2,365
af2b,inactive (dorm),1,1,3565
d431,active (others),1,1,3575
0aca,inactive (dorm),1,1,3216
076c,in-the-wild (others),1,1,166
dd2c,in-the-wild (others),2,2,3444
1bb9,active (others),1,1,1995
bcbb,active (others),2,2,1203
bfe3,in-the-wild (others),5,5,1922
8ab7,active (others),1,1,3222
df0a,active (others),1,1,3508
e03e,active (others),1,1,3026
846c,active (others),1,1,3573
425e,active (others),1,1,2909
63ee,inactive (dorm),1,1,3412
6312,active (dorm),3,3,1720
b571,active (others),1,1,3416
1ebe,active (others),2,1,3583
e88d,active (others),1,1,2100
7479,active (others),1,1,3266
6b6f,active (others),1,1,3200
3df7,active (others),2,2,1135
2a29,inactive (dorm),1,1,3472
aa7a,active (others),1,1,3396
d9e3,in-the-wild (others),4,4,3581
a685,active (others),1,1,3232
f7f4,active (dorm),4,3,3498
e820,active (others),6,3,1772
06c3,active (others),1,1,2756
b6ee,in-the-wild (others),1,1,94
b145,active (others),1,1,3394
3f2f,active (others),1,1,3591
2ed0,active (others),1,1,3496
6560,active (others),1,1,2139
a893,active (others),1,1,3534
347d,in-the-wild (others),1,1,351
c9d9,active (others),2,1,2434
1ccc,active (others),1,1,3290
1120,active (others),1,1,999
c96e,active (others),1,1,1082
eb95,active (others),2,2,3573
0170,active (others),2,1,3429
5f7a,inactive (dorm),2,1,2028
085f,active (others),3,2,1780
5593,active (others),2,1,3591
60c1,active (others),1,1,3238
2e22,active (others),4,3,1621
6158,inactive (dorm),1,1,433
4e4d,active (others),1,1,3365
2477,inactive (dorm),1,1,3595
cf6a,inactive (dorm),1,1,3591
f273,active (others),1,1,2928
f8c4,active (others),2,2,1224
223a,active (others),2,1,1573
6d7a,active (others),1,1,3597
a298,active (others),4,2,813
9355,active (others),1,1,3472
7256,inactive (dorm),1,1,16
a183,active (others),1,1,3431
5245,active (others),1,1,3425
e990,inactive (dorm),1,1,2869
9b5d,in-the-wild (others),1,1,3301
f3fe,active (others),1,1,2164
27a3,active (others),7,5,2733
4045,active (others),1,1,2881
bc28,inactive (dorm),1,1,2835
530a,inactive (dorm),1,1,3595
dea6,active (others),1,1,3468
231d,active (others),2,2,3552
c352,inactive (dorm),1,1,937
2bac,active (others),1,1,2202
fa6c,active (others),5,4,3538
0712,active (others),1,1,3377
3c7b,active (others),4,2,3260
1b01,in-the-wild (others),7,7,3536
10b1,active (dorm),3,3,1808
65ad,active (others),1,1,3486
da91,active (dorm),3,3,3412
8a86,active (others),4,3,3516
75f3,inactive (dorm),2,1,2640
b6d9,active (others),2,2,3587
79bc,active (others),1,1,517
f754,active (others),4,2,3558
16a2,active (others),2,1,3593
472e,active (others),1,1,2729
1dfa,active (others),1,1,3290
14fb,in-the-wild (others),7,4,3597
76ac,active (others),11,2,3478
a86e,inactive (dorm),1,1,2712
0d58,active (others),1,1,3567
bd34,inactive (dorm),1,1,3579
47dd,inactive (dorm),2,1,525
5eed,active (others),1,1,3597
e4cb,in-the-wild (others),1,1,458
8fb4,inactive (dorm),1,1,1499
1e9e,in-the-wild (others),1,1,10
54fd,active (others),5,3,3593
63f2,inactive (dorm),1,1,3550
761f,active (others),1,1,2071
46c9,active (others),2,2,3373
231f,inactive (dorm),1,1,361
864c,active (dorm),4,2,3293
5c7a,active (others),1,1,3266
0f47,active (others),3,3,1993
4044,inactive (dorm),1,1,1932
c12b,active (others),1,1,3496
0346,active (others),1,1,2959
1ce7,in-the-wild (others),2,2,176
4210,inactive (dorm),1,1,3522
77d0,active (others),1,1,3338
cb3c,active (others),1,1,2710
75ce,active (others),2,1,3460
8bbc,in-the-wild (others),2,1,1899
01dd,active (others),1,1,3589
eb3e,inactive (dorm),1,1,1733
9ff5,active (others),4,3,3448
8399,active (others),1,1,3394
110a,active (others),1,1,1322
ff23,active (others),1,1,3299
d7f8,active (others),1,1,3460
d21e,inactive (dorm),1,1,2580
6950,inactive (dorm),1,1,3379
1c34,active (others),3,3,3591
f155,active (others),2,2,2863
43f8,active (others),1,1,3540
dcb3,active (others),1,1,318
4593,active (others),1,1,3571
6f44,active (others),4,3,868
8270,in-the-wild (others),2,1,3073
d3a6,active (others),2,1,3512
e9e4,inactive (dorm),1,1,3571
6168,active (others),1,1,3514
ee74,active (dorm),6,3,2987
efe4,active (others),1,1,3055
eaea,active (others),4,4,3565
30dc,active (others),1,1,2995
91b0,in-the-wild (others),1,1,408
08fb,active (others),2,1,696
2985,active (others),1,1,3123
94f7,active (dorm),5,2,2848
0a4b,active (others),1,1,515
1e7d,active (others),2,1,3433
ad68,active (others),1,1,2622
5ad7,active (others),2,2,2396
81df,inactive (dorm),1,1,3575
c099,active (others),1,1,3228
e1f2,active (others),6,5,3597
4615,active (others),3,2,3468
9ea5,active (others),4,2,3530
ab64,inactive (dorm),1,1,3492
8a07,active (others),1,1,3552
6c5a,inactive (dorm),1,1,3563
b9ae,active (others),2,2,2586
32c4,inactive (dorm),1,1,3340
080e,active (others),1,1,2979
ef61,inactive (dorm),1,1,2214
fa69,inactive (dorm),1,1,3565
ba1f,inactive (dorm),1,1,2677
3aa1,active (others),1,1,977
ae5a,inactive (dorm),1,1,3534
f28e,active (others),8,1,3486
8874,active (others),1,1,3092
00a4,active (others),2,2,2349
0deb,active (others),1,1,1006
0267,active (others),8,8,2618
8608,active (others),5,5,3377
2bf7,inactive (dorm),1,1,3569
dcd9,active (others),1,1,2989
da1d,active (others),1,1,3355
25f8,active (others),6,2,1714
6ae7,active (others),1,1,3429
c86d,active (others),1,1,3581
2571,active (others),4,3,3096
a923,inactive (dorm),1,1,3180
a947,active (others),1,1,3573
8d33,active (dorm),6,3,1530
8f94,active (others),7,2,2303
5c23,active (others),1,1,2704
5bd9,active (others),1,1,3282
62ce,active (others),1,1,3597
deb1,active (others),2,2,1501
2d00,inactive (dorm),2,1,3176
4e30,in-the-wild (others),5,4,3484
6900,active (others),1,1,3423
a8aa,active (others),3,1,3530
9bbb,active (others),1,1,3589
109a,active (others),1,1,3222
48c8,active (others),1,1,2367
d0ef,active (others),1,1,3585
eee3,active (others),1,1,2092
bf98,active (others),6,5,3433
1f9a,active (others),7,2,3552
cae3,in-the-wild (others),1,1,864
7a1b,active (others),3,3,1942
211b,active (others),1,1,1581
06aa,in-the-wild (others),6,6,3538
0559,active (others),1,1,3587
2a85,active (others),8,6,3550
0926,active (others),1,1,3278
0c55,active (others),1,1,3336
22a3,active (others),4,4,1568
a258,in-the-wild (others),1,1,2665
3006,active (dorm),3,3,201
179a,active (dorm),3,3,3583
4136,active (dorm),7,4,3560
781e,inactive (dorm),1,1,2463
a38b,active (dorm),3,2,2299
a04d,active (others),1,1,94
b4ff,active (others),2,2,3593
225a,active (others),1,1,3036
31b4,active (others),2,1,2176
3332,inactive (dorm),1,1,1240
c656,active (others),1,1,1186
beca,inactive (dorm),1,1,3438
68a0,active (others),1,1,96
a8f6,active (others),1,1,3470
df35,active (others),1,1,3569
ded3,inactive (dorm),1,1,2560
9fd1,active (others),1,1,3494
4f2e,active (others),2,2,3104
492a,in-the-wild (others),5,5,3410
dd18,active (others),1,1,3552
f93c,active (others),1,1,3530
cfe1,active (others),1,1,3514
147f,in-the-wild (others),2,2,773
80cc,in-the-wild (others),3,2,3560
6051,inactive (dorm),1,1,3569
9d8e,active (others),1,1,3151
5faa,active (dorm),4,2,2861
cb7e,active (others),1,1,3587
574f,active (others),1,1,3575
f7d3,active (others),1,1,2967
97ca,active (others),3,1,2396
8100,active (others),1,1,3240
06ee,inactive (dorm),1,1,3062
e609,active (others),1,1,3470
7a8e,in-the-wild (others),2,1,3184
2616,active (others),1,1,3338
63f3,active (dorm),2,2,2895
4f3c,in-the-wild (others),9,8,3595
62ad,active (others),1,1,941
b0c8,in-the-wild (others),1,1,2127
dd0b,active (others),1,1,3534
cfa4,active (others),3,2,2129
5ed7,active (others),2,2,1398
b02b,active (others),1,1,2790
9767,active (others),1,1,3222
f3f4,active (others),2,2,3047
b12a,active (others),2,1,3593
3a15,active (others),2,2,3571
445c,active (others),1,1,3569
0eb0,active (others),1,1,3482
95db,active (others),1,1,3036
fc88,active (others),4,1,3589
47d3,active (others),1,1,193
cd3f,in-the-wild (others),3,3,3528
bc29,active (others),1,1,3577
e3b7,active (others),1,1,3174
62e6,inactive (dorm),1,1,3593
4889,in-the-wild (others),1,1,174
b973,in-the-wild (others),1,1,2289
f570,in-the-wild (others),1,1,55
792e,active (others),3,1,3508
bbab,inactive (dorm),1,1,3492
58c4,in-the-wild (others),1,1,3542
8769,active (others),1,1,3186
a8ee,active (others),11,1,3158
0c77,active (others),1,1,3560
bb45,inactive (dorm),1,1,12
d7bd,inactive (dorm),1,1,3538
1faa,active (others),6,2,3324
d76a,inactive (dorm),1,1,3077
53b6,active (others),4,4,3532
c897,active (dorm),7,6,3402
5401,active (others),1,1,3340
99e7,active (others),1,1,284
98fd,in-the-wild (others),3,3,3569
fdcc,inactive (dorm),1,1,3357
b943,active (others),1,1,2657
f79e,active (others),1,1,1790
6f81,active (others),1,1,2772
512d,in-the-wild (others),1,1,36
bb48,active (others),2,2,2873
d486,active (others),1,1,2831
942e,active (others),1,1,3420
a569,active (others),2,1,3536
dd85,active (others),1,1,3003
b8d5,active (others),2,2,3540
0f5d,active (others),1,1,2305
f7d1,active (others),4,2,3464
97ef,active (others),1,1,3492
0b76,active (others),1,1,3494
444f,inactive (dorm),1,1,1102
7e01,active (others),1,1,3151
72b0,active (others),2,1,2400
9e26,active (others),1,1,3581
cd07,active (others),1,1,3488
4195,active (others),2,2,868
ee60,active (others),1,1,3528
a327,active (others),1,1,2361
ba0d,active (others),3,3,1497
5bcf,active (others),2,2,3472
039d,active (others),1,1,3030
0d49,active (others),1,1,3234
11b2,active (others),2,2,2430
0139,inactive (dorm),1,1,3585
66e2,active (others),3,3,2784
e624,active (others),1,1,1006
3bf9,active (others),3,2,3591
29a3,in-the-wild (others),1,1,3425
0cfb,active (others),8,6,3585
7363,active (others),1,1,3567
9951,active (others),1,1,1733
c6c4,active (others),2,2,1378
8284,in-the-wild (others),1,1,55
476e,active (others),1,1,3573
d89b,in-the-wild (others),3,2,2923
20b3,active (others),2,1,2336
9345,active (others),1,1,3538
e868,active (others),1,1,3528
6e3c,active (others),2,2,3242
2863,in-the-wild (others),11,9,3332
904d,active (others),1,1,2570
30aa,active (others),2,1,1033
375b,active (others),1,1,3554
5948,active (dorm),5,4,2965
609b,active (others),5,1,3359
d825,inactive (dorm),1,1,96
0ba1,active (others),3,3,3573
86f3,in-the-wild (others),12,9,3571
3753,active (others),2,1,3526
80b3,active (others),4,1,710
5991,active (others),1,1,3546
cb96,inactive (dorm),1,1,1833
2730,inactive (dorm),1,1,3170
7422,in-the-wild (others),1,1,3226
8f9f,in-the-wild (others),3,2,3593
94cd,inactive (dorm),1,1,3348
c3a3,active (others),1,1,3153
4f93,active (others),1,1,3379
8131,in-the-wild (others),3,2,3186
77a4,active (others),1,1,3585
f52e,active (dorm),7,3,3540
659b,active (others),1,1,3307
b8b7,active (others),1,1,3001
9649,inactive (dorm),1,1,3264
d7e5,active (others),3,3,3593
14ba,active (others),1,1,3344
fb64,active (others),2,2,2963
b484,active (others),1,1,3571
2b57,inactive (dorm),1,1,3429
3d72,active (others),2,2,1453
8685,in-the-wild (others),8,2,2457
6dde,inactive (dorm),1,1,3114
86aa,active (dorm),6,2,3558
9a55,active (others),1,1,2404
4c55,active (others),3,2,1459
a6a0,inactive (dorm),1,1,3005
261a,inactive (dorm),1,1,3544
8641,inactive (dorm),1,1,3274
13d0,active (others),1,1,3554
46cb,active (others),1,1,3406
5c70,active (others),1,1,3423
1d78,active (others),1,1,669
afdd,active (others),1,1,1373
6517,active (others),2,2,3583
d49f,active (others),1,1,2291
40e2,active (others),1,1,3371
6a4a,inactive (dorm),1,1,1936
ef9c,active (others),1,1,286
f52f,in-the-wild (others),1,1,3593
3c9f,active (others),1,1,3546
0273,in-the-wild (others),1,1,3320
ebdd,active (others),1,1,2981
511c,inactive (dorm),1,1,2420
3da3,active (others),1,1,3276
d701,active (others),1,1,3452
9a4e,active (others),5,5,3579
84d9,active (others),1,1,3352
bd50,active (others),1,1,1490
b7e1,inactive (dorm),1,1,3597
4eba,in-the-wild (others),1,1,1003
bcd2,inactive (dorm),1,1,2974
5db1,inactive (dorm),1,1,1228
759e,active (others),15,11,2251
8e86,active (others),1,1,3212
9955,active (others),1,1,3379
1f7d,active (others),1,1,1573
94c5,in-the-wild (others),5,5,3573
441a,inactive (dorm),1,1,3591
d12c,active (others),1,1,3400
2ec7,inactive (dorm),1,1,3440
76a9,inactive (dorm),1,1,3073
9d6f,inactive (dorm),1,1,3151
566f,active (others),1,1,3377
3bf6,inactive (dorm),1,1,3440
c1ca,inactive (dorm),1,1,3546
49f3,active (others),1,1,3565
a8ea,in-the-wild (others),1,1,3123
3fb1,active (others),1,1,813
30ec,inactive (dorm),1,1,3556
4873,active (others),1,1,3538
8c5f,in-the-wild (others),3,1,3556
1dec,active (others),8,6,1841
1920,active (others),1,1,939
470d,inactive (dorm),1,1,3365
05ca,active (others),5,3,3571
5db3,active (others),2,2,3460
52bf,active (others),1,1,3470
3108,inactive (dorm),1,1,3583
7d7c,active (others),1,1,3593
739c,in-the-wild (others),6,6,2178
f2bb,active (others),1,1,3010
02b7,inactive (dorm),1,1,3214
7350,active (others),1,1,3579
9dfc,inactive (dorm),1,1,3579
8481,active (others),1,1,2314
381c,active (others),1,1,3367
1cd0,active (dorm),8,5,1874
fd1d,in-the-wild (others),1,1,3129
0fe3,active (others),4,3,3593
7a62,active (others),1,1,3242
da23,active (others),4,4,1151
e92c,in-the-wild (others),5,5,3492
e992,inactive (dorm),1,1,3084
f5d4,active (others),1,1,3414
2a79,inactive (dorm),1,1,1297
1d8b,inactive (dorm),1,1,3427
6013,active (others),1,1,1354
c855,active (others),5,3,3538
4a89,active (others),1,1,3098
009e,active (others),3,2,2373
fbee,in-the-wild (others),2,2,3595
2162,in-the-wild (others),3,2,3573
56ae,active (others),1,1,3567
b61e,inactive (dorm),1,1,3560
b3f5,active (dorm),7,6,3567
fd0c,active (others),6,2,1661
6528,inactive (dorm),1,1,3563
b874,in-the-wild (others),1,1,3593
0b35,active (others),1,1,3377
7a36,active (others),1,1,3593
51de,active (others),2,1,3208
d6e1,in-the-wild (others),1,1,2129
dc9c,active (others),9,8,3591
82ce,active (others),1,1,1269
caca,active (others),2,2,870
73ac,active (dorm),6,3,3597
1bf1,active (dorm),4,2,2381
cb87,active (others),1,1,1724
85da,active (others),1,1,2459
1407,active (others),5,5,3427
cf38,active (others),1,1,1764
0325,active (others),1,1,909
fc74,active (others),6,6,3591
7189,active (others),1,1,3500
b802,inactive (dorm),1,1,2983
66a7,in-the-wild (others),3,3,3189
2830,in-the-wild (others),1,1,3248
3041,active (others),1,1,3532
34d6,active (others),5,4,3492
916a,active (others),9,1,3484
7585,active (others),5,5,2016
298f,active (dorm),3,2,3585
cbfd,inactive (dorm),1,1,278
5401,active (others),6,6,2012
11e5,active (others),1,1,3420
e96a,active (others),1,1,3228
d9d7,active (others),1,1,347
236a,in-the-wild (others),3,3,3548
a39e,active (others),5,4,3200
a0ae,inactive (dorm),1,1,3379
7c56,active (others),2,2,3212
0854,inactive (dorm),1,1,3410
15b1,active (dorm),5,4,3357
0bff,in-the-wild (others),8,7,2796
20ef,in-the-wild (others),4,3,3429
a7d2,active (others),1,1,2885
1b89,active (others),1,1,3538
3a5a,active (others),1,1,3573
b619,active (others),1,1,3591
73fb,active (others),1,1,3585
4fef,active (others),3,3,2338
65e8,active (dorm),5,3,3480
d87e,active (others),5,3,1758
4a7e,inactive (dorm),1,1,3518
59bc,active (others),9,8,3554
9e20,in-the-wild (others),1,1,1562
39f3,active (dorm),6,5,2525
79b4,active (others),1,1,2515
aba2,inactive (dorm),1,1,3440
d4f9,active (others),1,1,3410
336d,active (others),8,7,3589
25ea,inactive (dorm),1,1,3389
5194,active (others),2,2,737
f3aa,active (others),1,1,3153
937a,active (others),1,1,3220
d216,active (others),2,2,1369
cf4f,in-the-wild (others),5,3,3458
c09e,active (others),3,2,1508
e297,active (others),1,1,1639
649d,active (others),1,1,3585
9efe,inactive (dorm),1,1,3145
4a1f,in-the-wild (dorm),5,4,3423
e3f0,active (others),1,1,651
0df1,active (dorm),3,2,3440
3096,active (others),1,1,3055
701a,in-the-wild (others),1,1,3510
316a,active (others),2,2,920
ff45,active (others),1,1,3442
ee07,active (others),9,6,3030
37a1,in-the-wild (others),2,2,3589
06cd,active (others),1,1,3309
4ba2,in-the-wild (others),8,5,3373
6547,inactive (dorm),1,1,3307
2963,inactive (dorm),1,1,3290
1f19,in-the-wild (dorm),5,5,3593
0398,active (others),5,5,3569
9455,in-the-wild (others),3,3,3593
30d0,inactive (dorm),1,1,3326
ae85,active (others),1,1,3502
e50a,active (others),1,1,777
f0c6,inactive (dorm),1,1,2002
48b1,active (others),1,1,3520
a7e2,in-the-wild (others),1,1,1195
4358,active (others),1,1,3532
99d5,active (others),1,1,2780
08ad,in-the-wild (others),1,1,3367
5506,active (others),6,4,3326
9391,active (others),1,1,3508
8efc,active (others),1,1,3554
adad,in-the-wild (others),1,1,286
a1bf,active (others),2,2,2865
7186,in-the-wild (others),3,3,3567
e8b6,in-the-wild (others),2,1,1829
c9f6,active (others),1,1,3168
3adf,active (others),1,1,2706
eb02,in-the-wild (others),1,1,105
e082,in-the-wild (others),9,7,3498
6549,active (others),1,1,1613
43b9,in-the-wild (others),1,1,1439
110f,active (others),1,1,3583
92d3,active (others),1,1,3133
a428,active (others),4,3,2965
31ad,active (others),1,1,3075
1817,active (others),1,1,187
3739,active (others),1,1,43
68bf,active (dorm),3,3,3166
1768,active (others),1,1,3532
f288,active (others),1,1,613
2856,active (others),1,1,3550
cd96,active (others),1,1,3055
006b,active (others),1,1,3361
a6a2,active (others),1,1,907
fe20,inactive (dorm),1,1,3480
0b02,inactive (dorm),1,1,2047
fba7,in-the-wild (others),5,4,3346
a6a0,in-the-wild (others),5,4,3581
0feb,inactive (dorm),1,1,3484
1236,active (others),2,2,3488
53aa,in-the-wild (others),1,1,3460
32ad,inactive (dorm),1,1,34
78d5,active (others),1,1,72
e77b,active (others),3,3,2675
356e,in-the-wild (others),5,5,3591
2d50,active (others),1,1,3575
e9f1,active (others),1,1,3001
089f,active (others),1,1,3565
1a73,active (others),1,1,1558
5964,active (others),1,1,1643
7b0f,active (others),2,2,3536
8869,active (others),1,1,2112
453f,active (others),1,1,1215
7722,active (others),1,1,3208
3fa8,active (others),3,2,3593
9c5b,in-the-wild (others),7,7,3427
d001,in-the-wild (others),1,1,3018
3e78,active (others),2,2,2877
7d65,active (others),1,1,548
8a69,active (others),1,1,2392
c679,inactive (dorm),1,1,1378
4332,in-the-wild (dorm),2,2,3587
b59f,inactive (dorm),1,1,3057
2d7d,active (others),1,1,3456
c049,active (others),5,1,3522
68aa,active (others),9,7,2841
0ab1,active (others),1,1,3404
c04b,active (others),1,1,3536
f656,active (others),1,1,3514
6b51,inactive (dorm),1,1,2465
078c,in-the-wild (others),7,6,2632
f1db,in-the-wild (others),4,4,2580
f4f2,active (others),2,1,3595
479e,active (others),2,2,3546
3280,active (others),5,4,3526
ad58,active (others),1,1,3532
465c,active (others),2,2,2694
b424,active (others),2,2,470
7316,in-the-wild (others),1,1,2696
605d,active (others),1,1,3597
da22,inactive (dorm),1,1,3090
be09,active (others),1,1,1371
ed33,active (others),1,1,2455
5f43,active (others),1,1,236
112e,active (others),5,4,3593
6986,inactive (dorm),1,1,3230
c9fb,active (others),1,1,3044
a3bc,inactive (dorm),1,1,2976
719f,active (others),4,4,3260
810e,active (others),1,1,3595
cdd2,active (others),1,1,3036
df7f,active (others),1,1,622
812e,inactive (dorm),4,1,3438
2ccd,active (others),1,1,51
4256,active (others),1,1,2069
73fe,inactive (dorm),1,1,2196
3c58,active (others),1,1,3392
8297,active (others),5,5,1720
4af6,inactive (dorm),1,1,3338
8e35,active (others),1,1,1802
0375,in-the-wild (others),12,7,3538
69f4,active (others),1,1,965
b96d,active (others),1,1,3012
f697,active (others),6,6,2434
b6c8,active (dorm),4,3,3577
15b6,active (others),2,1,3538
c7a3,in-the-wild (others),4,2,3383
167f,active (others),1,1,3191
93cb,inactive (dorm),1,1,3324
b947,inactive (dorm),1,1,3431
99cf,active (others),1,1,2527
b3d3,in-the-wild (others),1,1,2727
2862,active (others),1,1,3504
6505,active (others),1,1,2976
d0af,in-the-wild (others),6,4,3303
406b,active (others),1,1,3314
2516,active (others),1,1,1010
c404,active (others),4,4,3585
8172,inactive (dorm),1,1,2533
c92c,active (others),1,1,2229
c915,active (others),2,1,2965
f5db,active (others),1,1,345
b662,inactive (dorm),1,1,3440
c6d3,active (others),6,5,3587
090c,active (others),1,1,3156
7ddc,active (others),4,2,3346
01c8,in-the-wild (others),7,5,3569
f45f,inactive (dorm),1,1,347
a815,active (others),1,1,3418
bcad,active (others),1,1,3381
f0c1,in-the-wild (others),1,1,1607
256d,inactive (dorm),1,1,2995
2082,active (others),1,1,3595
2070,active (others),6,4,3044
19fd,active (others),1,1,3563
6b8e,inactive (dorm),1,1,3082
695a,inactive (dorm),1,1,2463
55c5,active (others),1,1,3569
1c60,active (others),2,2,3587
f92a,in-the-wild (others),3,3,3585
92e9,inactive (dorm),1,1,3193
bbbd,active (others),3,1,3593
1e40,active (others),1,1,2915
60da,active (others),4,1,2158
e598,active (others),1,1,3414
5fde,in-the-wild (others),5,4,2719
2234,active (dorm),2,2,3381
ce84,inactive (dorm),1,1,2381
4246,active (others),8,6,2648
6ae3,active (others),2,1,3565
9c65,inactive (dorm),1,1,3496
8782,inactive (dorm),1,1,2655
c7e0,inactive (dorm),1,1,3518
37ce,inactive (dorm),1,1,2443
45e7,active (others),1,1,3442
76b5,active (others),1,1,3532
93e3,inactive (dorm),1,1,3567
000d,active (others),1,1,1396
f097,active (others),6,5,3508
23dc,active (others),1,1,3563
173c,active (others),1,1,3036
a78f,inactive (dorm),1,1,2694
3712,inactive (dorm),1,1,3361
46f1,active (others),1,1,3320
f3d3,active (others),1,1,316
eb72,inactive (dorm),1,1,3577
ce0c,active (others),1,1,3344
a22c,active (others),1,1,3589
6a58,inactive (dorm),1,1,3104
9d69,active (others),4,3,290
62f9,active (others),1,1,963
df7c,in-the-wild (others),1,1,1753
15e6,active (others),1,1,3073
0b5c,active (others),4,2,3593
3b54,active (dorm),3,3,581
c5e1,inactive (dorm),1,1,3560
f913,active (others),4,3,3500
2ae1,inactive (dorm),1,1,2873
8a1f,inactive (dorm),1,1,3318
f93f,active (others),1,1,2798
75ee,inactive (dorm),1,1,3338
e9da,active (others),1,1,3593
cf35,active (others),1,1,3367
ff5f,in-the-wild (others),1,1,3440
2cae,inactive (dorm),1,1,3266
c98c,active (others),3,3,3573
f6f3,active (others),1,1,470
a252,in-the-wild (others),1,1,3571
b5dc,in-the-wild (others),1,1,1745
2a7d,active (others),1,1,1044
5f33,active (others),1,1,3579
b4a1,inactive (dorm),1,1,1119
3cf3,active (others),1,1,2715
c0a7,in-the-wild (others),1,1,2733
903c,active (others),2,2,3565
fca4,active (others),1,1,1649
a3a5,active (others),1,1,38
ba43,active (others),3,3,1839
df28,active (others),1,1,3526
d55e,in-the-wild (others),1,1,3595
46d3,in-the-wild (others),1,1,2523
fac7,active (others),1,1,3191
5343,inactive (dorm),1,1,12
40af,active (others),1,1,3186
809e,inactive (dorm),1,1,3567
8b04,active (others),1,1,3256
014a,active (others),1,1,3278
7706,active (others),1,1,3280
9ccb,inactive (dorm),1,1,2075
fa71,in-the-wild (others),1,1,3542
bd22,active (others),1,1,2901
f550,in-the-wild (others),1,1,14
236b,active (others),5,3,3540
d810,active (others),1,1,1478
9dc4,active (others),3,2,2479
e8dd,active (others),1,1,3516
401f,inactive (dorm),1,1,2919
2371,in-the-wild (others),6,6,3579
3e7e,active (dorm),9,4,3423
461b,in-the-wild (others),3,3,3367
bab6,active (others),1,1,3567
7b6d,active (others),1,1,2379
f8d7,in-the-wild (others),8,7,3532
64d0,inactive (dorm),1,1,3579
df65,active (others),1,1,829
0f36,in-the-wild (others),1,1,2788
586f,active (others),3,2,945
bc54,inactive (dorm),1,1,3334
006d,inactive (dorm),1,1,282
ea6d,active (others),1,1,484
c3cb,active (others),1,1,3320
6b45,inactive (dorm),1,1,1273
c90e,active (others),1,1,3147
9b03,active (others),2,2,3552
a3aa,in-the-wild (others),1,1,3552
ce39,active (others),1,1,3560
2593,active (others),2,2,3524
a5c8,active (others),1,1,2663
0187,active (others),1,1,3563
d612,inactive (dorm),1,1,34
6ce2,active (others),1,1,419
ff15,in-the-wild (others),1,1,3055
8cfa,in-the-wild (others),1,1,615
bff6,inactive (dorm),1,1,1148
bdbd,active (others),1,1,433
a798,active (others),1,1,3510
568e,active (others),1,1,3593
a336,in-the-wild (others),1,1,2531
1343,inactive (dorm),1,1,1621
074e,active (others),1,1,2305
56f8,active (others),1,1,205
6b28,active (dorm),2,2,3460
190d,inactive (dorm),1,1,3149
9d4a,inactive (dorm),1,1,3563
3145,inactive (dorm),1,1,2527
f466,active (others),2,2,3518
203d,inactive (dorm),1,1,282
a2a7,active (others),1,1,702
c334,inactive (dorm),1,1,3400
f46e,active (others),4,4,3053
8d20,active (others),1,1,1884
c50b,active (others),5,5,1330
cbad,active (others),1,1,1119
e891,active (others),1,1,3149
29f6,inactive (dorm),1,1,3542
46db,active (others),4,3,3550
287b,in-the-wild (others),1,1,1326
fe29,active (others),1,1,3518
f719,active (others),1,1,988
4d98,inactive (dorm),1,1,3595
095e,active (others),1,1,3369
10da,active (others),2,2,1926
c80d,inactive (dorm),1,1,3268
1a09,inactive (dorm),1,1,3416
cb2a,inactive (dorm),1,1,3595
1201,in-the-wild (others),10,7,3579
2dfb,in-the-wild (others),1,1,813
6985,in-the-wild (others),4,4,355
6ffc,active (others),2,1,3464
66b9,active (others),2,2,458
eb16,inactive (dorm),1,1,3587
dacd,inactive (dorm),1,1,3468
ab2c,inactive (dorm),1,1,3534
78db,in-the-wild (others),1,1,2086
98d4,active (others),1,1,3454
fee5,active (others),1,1,1197
3f49,active (others),4,4,3593
6415,active (others),1,1,1070
8557,active (others),1,1,2999
08c9,active (others),1,1,3540
1634,active (others),1,1,3435
2bdd,active (others),1,1,3538
2e4f,inactive (dorm),1,1,1476
ba2f,active (others),1,1,1745
cb38,active (others),1,1,2447
9a4e,active (others),1,1,3406
b1c1,in-the-wild (others),4,2,3532
7b58,active (others),1,1,3534
e2ca,active (others),1,1,3044
8bfe,inactive (dorm),1,1,3585
b4bc,active (others),1,1,2704
c422,inactive (dorm),1,1,3156
1210,active (others),4,4,3587
cdba,inactive (dorm),3,1,3589
51e7,active (others),1,1,3051
0109,active (others),1,1,3591
f92d,active (others),3,3,3423
b47e,active (others),1,1,2919
7820,active (others),4,3,3589
5b41,active (others),1,1,149
3b24,active (others),1,1,3423
f120,inactive (dorm),1,1,3334
2662,active (others),1,1,3583
9e7f,in-the-wild (others),8,8,3288
d9db,active (others),2,1,488
453a,active (others),1,1,2959
aca6,active (others),4,3,2537
0acb,in-the-wild (others),1,1,3118
ae2f,active (others),1,1,2696
7bce,active (others),1,1,3522
370d,active (others),1,1,2885
832f,in-the-wild (others),10,6,3450
e42a,active (others),1,1,3389
cce2,active (others),4,3,2100
d39c,in-the-wild (others),8,7,3536
36ec,active (others),1,1,2104
bb43,active (others),4,2,1728
35d3,inactive (dorm),1,1,3220
7fda,active (others),1,1,3552
8ffe,inactive (dorm),1,1,2909
12a0,active (others),1,1,3500
c10e,inactive (dorm),1,1,367
ee82,active (others),1,1,3496
979c,active (others),1,1,3550
2263,in-the-wild (others),4,1,2544
a854,in-the-wild (others),1,1,3476
bfaa,active (others),12,1,3591
31bd,active (others),4,4,3478
04fe,in-the-wild (others),1,1,3324
5da2,active (others),2,1,3597
b302,active (others),1,1,3512
fb84,active (others),1,1,3502
7fcf,in-the-wild (others),5,4,2950
3502,inactive (dorm),1,1,2570
79d5,inactive (dorm),1,1,1548
37e5,active (others),3,1,3295
c5fb,active (others),1,1,3355
d55d,inactive (dorm),1,1,3398
bc76,active (others),3,2,3585
e0a8,in-the-wild (others),2,2,2965
651e,inactive (dorm),1,1,1911
faca,active (others),1,1,3563
59ae,active (others),1,1,3400
9b21,active (others),1,1,1815
c7ce,in-the-wild (others),2,2,3162
0194,inactive (dorm),1,1,3276
7808,active (others),1,1,1554
9bd3,in-the-wild (others),8,6,2628
6560,active (others),1,1,2079
4921,inactive (dorm),1,1,3383
53fd,active (others),3,2,3597
fcee,active (others),1,1,371
8244,active (others),1,1,3448
df8d,active (others),1,1,3268
8956,active (others),6,4,3141
537c,in-the-wild (dorm),26,16,3554
69b1,active (others),1,1,3575
f55a,inactive (dorm),1,1,3340
e3ef,active (others),1,1,3591
a06c,active (others),1,1,1870
6b33,active (others),1,1,3532
3ea9,active (others),1,1,3530
9056,active (others),1,1,3472
5d96,in-the-wild (others),1,1,2445
8b89,inactive (dorm),1,1,904
d884,in-the-wild (others),10,4,3591
1e35,active (others),1,1,1512
5db5,active (others),2,1,3492
f7df,active (dorm),5,2,2457
b48b,active (others),10,7,3530
9af2,active (others),6,3,3591
ce3e,active (others),3,3,2786
9435,active (others),1,1,3538
0e02,active (others),1,1,3001
9815,active (others),3,1,1831
c8d7,active (others),1,1,3022
2e8f,active (others),3,2,3524
21e5,active (dorm),2,2,3067
a38f,active (others),1,1,3526
0bc6,active (others),5,3,3571
f25a,active (others),1,1,3548
0868,active (others),1,1,2865
8b34,active (others),1,1,3518
fd39,active (others),1,1,2932
862c,active (others),1,1,3427
0f83,active (others),2,1,3520
8e66,in-the-wild (others),4,1,3438
85f2,in-the-wild (others),2,2,3034
a43d,active (others),1,1,3522
acbb,in-the-wild (others),4,3,3186
d9e4,in-the-wild (others),6,6,3502
4045,active (others),1,1,3536
2eae,active (dorm),9,3,2000
4ca2,inactive (dorm),1,1,2576
5e1f,active (others),2,2,2835
cefd,in-the-wild (others),1,1,1577
d0eb,active (others),1,1,3546
9238,active (others),1,1,3406
66f5,active (others),2,2,3546
fef0,active (others),1,1,3585
9a9f,active (others),6,1,3546
4a32,inactive (dorm),3,1,1911
9239,in-the-wild (others),2,2,1384
0c87,active (others),1,1,3135
8594,active (others),2,2,3286
8b52,active (others),1,1,2340
cc9c,active (others),1,1,1552
9823,active (others),3,3,1685
5223,inactive (dorm),1,1,3522
1625,active (others),1,1,3522
79b2,inactive (dorm),1,1,3440
e390,active (others),1,1,2923
40c5,in-the-wild (others),1,1,3575
8a9e,in-the-wild (others),8,7,3286
ca3e,active (others),2,2,3262
2f4e,active (others),1,1,3585
a975,inactive (dorm),1,1,168
c74a,active (others),2,1,3552
89f1,active (others),1,1,3069
2cfa,active (others),1,1,3496
940b,active (others),1,1,2821
3829,active (others),1,1,3538
b636,active (others),1,1,1940
cdbd,active (others),1,1,2336
be03,inactive (dorm),1,1,3375
0ce4,active (others),1,1,3268
1c0c,active (others),1,1,3408
7eec,active (others),3,3,642
51a3,active (others),3,2,3534
86c1,active (others),1,1,548
571f,inactive (dorm),1,1,2829
2b1c,inactive (dorm),1,1,2651
77c0,active (others),1,1,3496
9040,active (others),2,2,550
eabf,in-the-wild (others),1,1,440
b102,active (others),1,1,3544
233c,active (others),1,1,3478
b685,active (others),3,3,2606
8280,active (others),1,1,3550
776b,in-the-wild (others),2,1,1449
5a9f,active (others),2,2,3149
ff2d,inactive (dorm),1,1,1119
e582,active (others),3,2,2756
2460,active (others),1,1,3512
f4df,active (others),3,1,3371
0791,active (others),2,1,2698
a974,active (others),1,1,3536
0eff,active (dorm),4,3,3546
824b,active (others),1,1,3442
5392,inactive (dorm),1,1,2731
5506,active (dorm),5,3,3423
781d,active (others),1,1,2854
902b,in-the-wild (others),1,1,2253
cd01,inactive (dorm),2,1,3536
e7b3,active (others),5,5,1899
c299,active (others),1,1,3556
5f4d,active (others),8,5,3191
eefe,active (others),1,1,3563
ad59,active (others),1,1,3556
1163,active (others),2,2,609
1903,in-the-wild (others),3,3,3494
508c,active (others),1,1,1936
78d9,active (others),1,1,2515
5099,in-the-wild (others),1,1,1922
b1d1,active (others),1,1,86
88bd,inactive (dorm),1,1,3404
1409,in-the-wild (others),3,2,3587
adfa,active (others),4,1,3571
3f33,inactive (dorm),2,1,3476
b751,active (others),1,1,2465
e981,active (others),1,1,3248
af83,in-the-wild (others),1,1,1655
3d5a,in-the-wild (others),1,1,3218
0797,active (others),7,5,3526
093e,inactive (dorm),1,1,2320
8c7d,in-the-wild (others),3,3,877
00a4,active (others),1,1,3127
7406,active (others),1,1,3067
6876,inactive (dorm),2,1,3338
805e,active (others),1,1,3290
4529,active (others),11,9,3516
3069,active (others),1,1,840
5a45,active (others),4,2,3593
82fd,active (others),1,1,3162
cbca,inactive (dorm),1,1,3573
289f,in-the-wild (others),2,2,3355
0d64,active (others),1,1,3546
f566,active (others),1,1,3516
0d58,active (others),1,1,3589
7a96,inactive (dorm),1,1,3593
e091,active (others),4,4,3585
d429,active (others),3,2,3398
89c7,in-the-wild (others),1,1,57
7f5b,active (others),3,2,3595
5c76,active (others),6,5,3425
943e,inactive (dorm),1,1,3540
68e6,active (others),1,1,3266
36a3,active (others),1,1,3579
8e7e,active (others),1,1,1815
b92c,inactive (dorm),1,1,3484
8cdd,active (others),2,2,993
bede,active (others),2,1,3480
177a,in-the-wild (others),2,2,2609
fe37,active (others),1,1,3375
ad78,active (others),1,1,3536
a661,inactive (dorm),1,1,597
4ddf,active (others),1,1,2646
3ba1,active (others),1,1,1350
1f60,active (dorm),3,2,1201
2deb,active (others),1,1,1423
efef,active (others),1,1,3593
b9ef,active (others),9,7,3392
4082,inactive (dorm),1,1,3558
3f7a,active (others),1,1,2381
ddbf,inactive (dorm),1,1,3182
00c3,inactive (dorm),1,1,3246
2038,in-the-wild (others),1,1,3468
9865,active (others),4,4,3595
433c,in-the-wild (dorm),2,2,3585
e80f,inactive (dorm),1,1,2259
1a2e,active (others),1,1,3416
e735,active (others),1,1,3168
1957,active (others),1,1,3591
b9ce,active (others),1,1,3322
0562,in-the-wild (others),3,3,1447
7014,active (others),1,1,3496
98f6,active (others),2,2,3379
645c,active (others),1,1,3005
1312,active (others),7,6,2877
44cd,active (others),1,1,887
4549,in-the-wild (others),8,5,3554
e16d,active (others),2,1,1423
2ff4,active (others),6,6,3476
1a92,inactive (dorm),1,1,2923
d6da,active (others),1,1,3534
3c31,inactive (dorm),1,1,3595
b7b1,active (others),1,1,2802
81b6,active (others),1,1,3575
b2f9,inactive (dorm),1,1,3575
66f0,active (dorm),6,2,3585
5de3,in-the-wild (others),1,1,1400
d813,active (others),1,1,1504
a52f,active (others),1,1,3350
fb54,inactive (dorm),1,1,2930
8bcd,active (others),1,1,1186
c01e,active (others),1,1,3550
4fca,active (others),1,1,3569
1db6,active (others),1,1,3218
b11c,active (others),1,1,1250
11f4,active (others),1,1,3340
71f5,active (others),1,1,1163
75a7,in-the-wild (others),1,1,1772
100d,inactive (dorm),1,1,3470
de74,inactive (dorm),1,1,2959
2905,inactive (dorm),1,1,3512
1363,in-the-wild (others),1,1,57
7cdf,in-the-wild (others),1,1,59
397e,inactive (dorm),1,1,3314
bb43,inactive (dorm),1,1,3567
ca3b,inactive (dorm),1,1,3496
63c1,inactive (dorm),1,1,2640
fc90,inactive (dorm),1,1,3581
3dd7,active (others),1,1,3597
2fae,active (others),1,1,3571
f43b,inactive (dorm),1,1,3114
2530,in-the-wild (others),11,5,3595
86c5,active (others),1,1,296
5d61,inactive (dorm),1,1,3563
80a8,active (others),1,1,1716
1a00,in-the-wild (others),13,12,3506
ccf3,active (others),1,1,1681
6860,active (others),1,1,3280
633c,active (dorm),6,4,3585
fb9e,in-the-wild (dorm),6,6,3544
2382,active (others),1,1,3540
17dc,active (others),1,1,3416
fc77,active (others),1,1,2451
c597,active (others),1,1,3593
f0b8,inactive (dorm),1,1,3228
6559,in-the-wild (others),2,2,3456
cf9c,in-the-wild (others),5,5,3363
40c7,active (others),3,2,3314
c883,active (others),1,1,3470
40c8,active (others),2,2,1595
3427,active (others),1,1,3512
6fe9,inactive (dorm),1,1,3361
2c93,active (others),1,1,3383
574c,inactive (dorm),1,1,3569
8a0d,active (others),1,1,3585
dc11,active (others),1,1,3587
9406,active (others),4,2,3488
8658,active (others),1,1,139
bb1a,active (others),1,1,3524
aecd,active (others),1,1,3003
fa12,inactive (dorm),1,1,3560
3d22,active (others),7,7,3544
4024,active (others),1,1,495
46b1,active (others),1,1,3084
c229,active (others),1,1,3268
3696,in-the-wild (others),4,3,3264
27e9,active (dorm),4,2,3579
be00,inactive (dorm),1,1,3573
df5f,active (others),1,1,3494
7096,inactive (dorm),1,1,3433
2e00,inactive (dorm),1,1,3293
dc77,inactive (dorm),1,1,1897
67cf,inactive (dorm),1,1,3340
8bf4,in-the-wild (others),1,1,154
841b,active (others),7,7,2993
0ed8,active (others),1,1,3583
31d0,active (others),3,2,3585
8d72,active (others),1,1,2665
7d4f,active (others),1,1,1522
f00a,active (others),7,7,3484
31ff,in-the-wild (others),1,1,2675
3536,inactive (dorm),3,1,579
6aba,inactive (dorm),1,1,3464
86fe,active (others),1,1,3504
2ef8,inactive (dorm),1,1,3127
22ad,active (others),1,1,3468
4da0,inactive (dorm),1,1,3458
5fe4,active (others),1,1,3530
f0dd,active (others),1,1,3552
1596,inactive (dorm),1,1,3112
4dcd,inactive (dorm),1,1,1201
e60a,active (others),1,1,3552
e8a4,active (others),3,3,3550
eade,active (others),1,1,911
9fd6,inactive (dorm),1,1,3049
9d1a,active (others),1,1,913
4e3e,inactive (dorm),1,1,3344
5022,active (others),1,1,2636
b8bc,inactive (dorm),1,1,3593
d7d5,active (others),2,2,3595
08d2,inactive (dorm),1,1,570
3f93,active (others),1,1,3542
2f27,active (dorm),3,2,3573
285a,in-the-wild (others),13,5,3540
7f4d,active (others),4,3,3589
48dc,active (others),1,1,3472
44bb,inactive (dorm),1,1,133
2852,active (others),2,2,1277
5608,inactive (dorm),1,1,3534
f39e,active (others),3,1,3593
4b64,active (others),1,1,30
8cd8,active (others),4,3,1884
c069,active (others),1,1,3195
143b,active (others),1,1,3526
4a2b,inactive (dorm),1,1,3062
8036,active (others),1,1,2178
42e3,active (others),1,1,326
0718,active (others),1,1,2899
0267,active (others),1,1,3456
c245,active (others),1,1,3276
f9be,active (others),1,1,3548
2d41,active (others),4,3,2361
950b,active (others),1,1,3268
b0dd,active (others),1,1,3307
941e,inactive (dorm),1,1,3571
983e,inactive (dorm),1,1,3464
79bc,active (others),1,1,3522
6727,in-the-wild (others),4,2,3595
f2a0,active (others),1,1,3595
7b2d,active (others),4,3,3476
dd6e,active (others),1,1,3156
0e0c,active (others),1,1,3496
1334,active (others),1,1,3565
cf74,active (others),1,1,1995
4d63,active (others),1,1,2519
c972,active (others),2,1,2184
4ff3,active (others),1,1,2790
f7a0,active (others),1,1,2303
7700,inactive (dorm),1,1,3552
1669,in-the-wild (others),2,2,1201
f18c,inactive (dorm),1,1,3534
9c4a,inactive (dorm),1,1,3502
026b,active (others),8,6,3429
56af,active (others),4,4,2285
bb2e,active (others),1,1,3100
bc84,active (others),1,1,3295
a22e,inactive (dorm),1,1,3040
86fb,active (others),2,2,3575
cd2d,active (others),1,1,2837
8c6a,in-the-wild (others),1,1,636
8bb2,in-the-wild (others),10,4,3494
80bb,active (others),2,2,2772
959e,inactive (dorm),1,1,3329
1c1b,active (others),1,1,49
3c73,inactive (dorm),1,1,3528
f20d,in-the-wild (others),2,2,550
7ae7,active (others),3,3,3552
0c42,active (others),1,1,3542
502e,inactive (dorm),1,1,3226
ccc8,active (others),2,1,2453
2ec4,active (others),2,2,3412
c03b,active (others),3,2,3552
6128,inactive (dorm),1,1,3423
fb0d,inactive (dorm),1,1,3504
0159,active (others),1,1,3575
53a3,active (others),1,1,3550
1a10,active (others),1,1,3425
71d4,active (others),1,1,1074
4f12,active (others),1,1,49
f80a,in-the-wild (others),20,6,3595
3eff,inactive (dorm),1,1,2763
0151,active (others),2,2,862
8cbc,active (others),2,2,2568
69d2,active (others),1,1,3448
24f3,active (others),3,1,1169
0e31,inactive (dorm),1,1,3571
0618,active (others),9,6,3554
fc0c,active (dorm),2,2,597
bb44,inactive (dorm),1,1,3342
383d,in-the-wild (others),5,5,3595
cb4b,in-the-wild (others),1,1,3114
e6c2,active (others),2,1,2186
1100,inactive (dorm),1,1,3416
317e,active (others),1,1,399
b717,active (others),1,1,1332
920c,in-the-wild (others),3,3,3060
173d,active (others),1,1,2887
cfd4,in-the-wild (others),2,2,3544
7c4f,active (others),1,1,2725
0199,in-the-wild (others),1,1,3520
c7c9,active (others),1,1,3595
37e2,active (others),1,1,3583
729b,active (others),2,1,3498
fe1d,active (others),2,2,1219
e911,active (others),4,2,2028
3fe9,active (others),1,1,3571
2257,active (others),2,1,2897
3455,active (others),1,1,581
be64,active (others),1,1,3498
aeff,inactive (dorm),1,1,3387
a72a,active (others),1,1,3044
84c7,inactive (dorm),1,1,2044
b99d,inactive (dorm),6,1,3369
a32b,active (others),1,1,3550
07e1,active (others),1,1,3307
a79e,in-the-wild (others),4,3,3435
c4ff,active (others),5,3,3478
4121,active (others),1,1,3577
bfcf,active (dorm),5,4,969
b398,inactive (dorm),1,1,3433
92a2,active (others),1,1,3575
a677,active (others),3,1,3534
f05e,active (others),1,1,3486
74d1,inactive (dorm),1,1,3462
1fc6,active (others),1,1,1429
b5b4,inactive (dorm),3,1,3595
0a31,active (others),1,1,3563
254a,active (others),1,1,2928
5940,active (others),1,1,3532
ae34,active (others),1,1,3597
c29a,inactive (dorm),1,1,3490
916a,inactive (dorm),1,1,3583
7e2a,active (others),1,1,3184
9ff3,active (others),1,1,3377
dce0,active (others),1,1,3575
ace2,in-the-wild (others),6,5,3532
30fa,active (others),2,1,3460
ecfd,inactive (dorm),1,1,3595
26aa,active (others),1,1,3546
f74e,active (others),3,2,2049
0699,in-the-wild (others),1,1,513
9cd5,active (others),1,1,3567
f68e,in-the-wild (others),1,1,2014
d520,active (others),2,1,3404
0b6a,active (others),1,1,3558
119c,active (others),1,1,2634
5ae6,active (others),1,1,2279
6119,active (others),1,1,3585
3567,in-the-wild (others),4,2,2909
20de,active (others),1,1,3116
ff37,inactive (dorm),1,1,3262
0e08,in-the-wild (others),8,8,3440
ec92,active (others),1,1,1380
bcf0,active (others),1,1,3404
809c,inactive (dorm),1,1,3444
9daa,inactive (dorm),1,1,3444
a517,in-the-wild (others),1,1,1159
069d,inactive (dorm),1,1,3587
1df3,inactive (dorm),1,1,1601
ae44,active (others),1,1,3556
64e1,active (others),1,1,369
6da8,active (others),1,1,3316
691f,active (others),3,3,2158
8f08,inactive (dorm),4,1,3051
54ea,inactive (dorm),1,1,1810
14d3,active (others),2,2,3158
3709,active (others),2,2,3558
2dc7,inactive (dorm),1,1,3193
77cd,active (others),1,1,498
e26f,active (others),2,1,3558
0298,inactive (dorm),1,1,3522
c3d0,active (others),1,1,2324
ee67,active (others),1,1,2369
b24b,active (others),1,1,3369
8a68,active (others),4,4,1857
8fcf,active (others),1,1,3174
354f,active (others),1,1,3392
98a1,active (others),4,2,1123
7b54,active (others),1,1,3597
6e72,active (others),2,1,3563
3d59,active (others),1,1,1617
58d9,inactive (dorm),1,1,2121
95d2,active (others),1,1,3583
225d,active (others),1,1,3462
7769,active (others),1,1,3500
26e2,active (others),3,3,3556
5f53,active (others),1,1,3498
43da,in-the-wild (others),4,4,2653
eb83,active (others),5,2,3361
3db5,active (others),1,1,3595
e9be,active (others),1,1,3480
00ba,active (others),1,1,3268
0d32,in-the-wild (others),2,2,3530
6a9d,active (others),1,1,3530
34de,active (others),3,3,3506
083b,active (others),3,3,3250
c563,active (others),1,1,3067
ab94,active (others),1,1,3544
07de,active (others),2,2,795
b9ec,active (others),1,1,2047
a71d,inactive (dorm),1,1,2997
624b,in-the-wild (others),10,10,3583
0c3e,active (others),2,2,3534
974f,in-the-wild (others),9,5,3595
a14c,active (others),5,2,3230
fdbb,active (others),1,1,3228
2f57,active (others),1,1,3595
2dd9,active (others),1,1,3116
e503,active (others),1,1,3418
8f50,active (others),1,1,3014
5595,active (dorm),3,2,2885
58ef,active (others),3,1,3456
e9ba,active (others),1,1,2857
abee,active (others),2,2,3367
579a,active (others),1,1,3579
9c93,active (others),1,1,3272
5f7c,active (others),1,1,880
9cbe,active (others),1,1,3484
f633,inactive (dorm),1,1,3373
29fe,inactive (dorm),1,1,3098
d235,active (others),3,2,3583
e12d,active (others),1,1,1689
2b74,active (others),1,1,3492
df9f,active (others),1,1,3556
e8ed,active (others),2,2,3579
7292,active (others),1,1,3595
8f61,active (others),2,2,3446
761c,in-the-wild (others),2,2,3116
2356,inactive (dorm),1,1,3581
a2d4,in-the-wild (others),1,1,3573
ed9a,active (others),1,1,3462
dc9d,active (others),1,1,3250
52c1,active (others),4,2,3591
3048,inactive (dorm),1,1,478
d6df,inactive (dorm),1,1,2861
04b2,inactive (dorm),1,1,24
52e0,inactive (dorm),1,1,3516
6d82,active (others),1,1,2706
1e80,active (others),5,5,3116
1bb2,active (others),1,1,1911
7742,active (dorm),2,2,909
e7b0,active (others),1,1,3577
f710,in-the-wild (others),3,3,1519
1ee5,active (others),1,1,1027
6b4b,active (others),1,1,1911
c0dd,active (others),3,3,1350
dff3,active (others),4,3,2747
fcb0,active (others),1,1,3488
83b7,in-the-wild (others),1,1,3151
3105,active (others),1,1,3189
a868,active (others),1,1,1419
967b,active (others),3,2,3129
95e5,in-the-wild (others),11,7,2943
5a9a,active (dorm),2,2,3346
cffb,active (others),3,3,2770
d3d6,inactive (dorm),1,1,2829
cc13,in-the-wild (others),11,9,3522
dbf3,active (others),1,1,3423
fc16,active (others),1,1,3476
2f43,inactive (dorm),1,1,3318
9b82,active (others),1,1,3575
d94c,active (others),1,1,613
8a90,inactive (dorm),1,1,3329
b31f,active (others),3,3,3484
ecae,active (others),3,3,3096
4eb7,active (others),1,1,3585
5866,active (others),1,1,3149
809f,inactive (dorm),1,1,3332
ac4d,active (others),1,1,2200
8cac,active (others),3,2,3595
3187,active (others),2,2,3208
72d7,active (others),3,1,3554
136b,active (others),2,2,3204
7023,inactive (dorm),1,1,1593
4a89,inactive (dorm),1,1,1435
d0ee,active (others),1,1,98
cd61,active (others),1,1,3536
3e16,active (others),1,1,3174
fee3,inactive (dorm),1,1,3387
4eae,inactive (dorm),1,1,2615
3a31,in-the-wild (others),9,8,3563
665b,active (others),1,1,168
26af,active (others),2,2,2094
e187,active (others),1,1,1708
3d59,inactive (dorm),1,1,3238
578d,active (others),1,1,2170
18e0,active (others),1,1,3212
5b82,active (others),3,3,1082
6578,active (others),1,1,3248
3245,active (others),3,2,3429
f2ee,active (others),3,2,3316
2a70,active (others),1,1,761
a005,active (others),1,1,3377
d29b,active (others),1,1,3410
6f0c,inactive (dorm),1,1,3236
3592,inactive (dorm),1,1,3550
a54e,active (others),1,1,3236
2805,active (others),2,2,3510
b751,active (others),1,1,3534
db39,active (others),2,2,3587
78c6,in-the-wild (others),1,1,3452
4073,active (others),1,1,2776
1f36,active (others),1,1,1938
962d,active (others),7,3,3149
8e0b,active (others),2,1,1052
28d1,active (others),1,1,3556
0c88,active (others),1,1,3440
bf31,active (dorm),7,4,3583
be4e,active (others),1,1,3438
92a2,inactive (dorm),1,1,2717
65e6,active (others),1,1,3444
ec03,active (others),1,1,3476
a919,active (others),1,1,2515
e3cd,inactive (dorm),1,1,2995
5bab,active (others),1,1,1010
26d5,active (others),1,1,3546
bfea,active (others),2,1,657
3472,active (others),2,2,1995
1a4f,active (others),12,5,3573
39b7,active (others),7,5,3040
ddc3,active (others),1,1,1516
5e8e,active (others),2,1,3406
5e67,active (others),1,1,3367
fa15,active (others),1,1,3490
242f,in-the-wild (dorm),3,3,1504
3384,inactive (dorm),1,1,3270
2b0d,inactive (dorm),1,1,3593
0383,in-the-wild (others),1,1,3329
c156,active (others),1,1,3510
b2b5,active (others),2,1,3482
b98b,inactive (dorm),1,1,3264
99aa,active (others),5,4,3400
e8c0,active (others),1,1,3020
69fd,active (others),1,1,947
02bc,in-the-wild (others),1,1,2841
c504,active (others),1,1,3355
414f,active (others),1,1,3084
4ad4,inactive (dorm),1,1,3536
bd12,in-the-wild (others),3,3,2214
7add,active (others),1,1,1181
6829,inactive (dorm),1,1,2293
52ab,active (others),1,1,1516
c9ac,active (others),1,1,3166
b779,active (others),1,1,2410
d0be,inactive (dorm),1,1,1143
a463,active (dorm),4,2,3569
308d,in-the-wild (others),1,1,3329
b883,inactive (dorm),1,1,2196
78cc,inactive (dorm),1,1,3141
51ce,active (others),1,1,2596
d2ba,in-the-wild (others),1,1,3536
6052,active (others),2,2,1981
717b,active (others),1,1,2852
ae66,active (others),1,1,80
f844,inactive (dorm),1,1,3522
dde9,in-the-wild (others),2,2,3498
dbb6,in-the-wild (others),14,11,2580
2e2b,active (others),1,1,3133
98ad,active (others),1,1,3532
10f1,inactive (dorm),1,1,3375
6139,active (others),1,1,3433
3dc2,inactive (dorm),1,1,3494
3f8d,inactive (dorm),1,1,3565
447b,in-the-wild (others),1,1,1897
7b90,active (others),1,1,1088
f880,inactive (dorm),1,1,2222
c733,active (others),1,1,3478
49f3,active (others),1,1,3320
3650,active (others),1,1,260
fab8,active (others),1,1,681
052d,active (others),5,4,2936
97c7,active (others),1,1,3540
4782,active (dorm),2,2,3567
a047,active (others),1,1,158
0f19,active (others),1,1,2729
befb,inactive (dorm),1,1,3088
fd10,active (others),1,1,3579
b8be,active (others),1,1,2
bc87,active (others),22,1,3595
318b,inactive (dorm),1,1,2582
1c73,active (others),1,1,3528
5b8b,inactive (dorm),1,1,2041
8a95,active (others),1,1,3387
d429,active (others),4,3,3583
9cc6,inactive (dorm),1,1,3060
1293,in-the-wild (others),10,9,3591
1ca3,active (others),3,3,3466
0f06,active (others),1,1,2602
550f,active (others),1,1,3208
464e,active (others),1,1,2560
b2c8,in-the-wild (others),1,1,40
549e,active (dorm),8,5,3379
8562,inactive (dorm),1,1,3433
1289,active (others),1,1,3579
7171,active (others),3,3,244
34f9,active (others),4,4,844
6e94,active (others),1,1,3290
9b53,active (others),8,6,3565
78f7,active (others),2,2,1568
49f4,inactive (dorm),1,1,3472
a3fd,active (others),1,1,2863
f9d8,active (others),3,3,3528
fe25,active (dorm),5,4,2829
b5ac,active (others),1,1,749
fd0f,inactive (dorm),1,1,2879
73d8,active (others),1,1,3359
9e68,active (others),2,1,3595
f5fb,active (others),3,3,1954
3e6f,active (others),5,1,3548
241c,active (others),1,1,2574
4b56,in-the-wild (others),1,1,1373
2cce,inactive (dorm),1,1,3361
af9b,active (others),5,1,3394
1d01,active (others),1,1,3587
decc,active (others),1,1,3569
0c95,inactive (dorm),1,1,3554
02b9,active (dorm),2,2,3496
f3f6,active (dorm),4,2,3597
b30c,active (others),2,2,2735
800c,inactive (dorm),1,1,70
0be0,active (others),3,2,3589
2c1a,in-the-wild (others),12,8,3522
079a,in-the-wild (others),1,1,1922
da7c,active (others),1,1,3581
3e90,active (others),1,1,3301
3807,in-the-wild (others),1,1,3309
3225,active (others),3,3,3536
2a5d,in-the-wild (others),1,1,2283
d855,active (others),2,2,2123
f47c,active (others),1,1,3414
3995,in-the-wild (others),1,1,3534
8dce,inactive (dorm),1,1,3316
3568,active (dorm),4,3,3472
3b30,inactive (dorm),1,1,1267
e7d8,active (others),1,1,1876
889c,inactive (dorm),1,1,3500
9b3a,active (others),1,1,3408
2a95,active (others),1,1,3530
66b6,active (others),1,1,3558
0da4,in-the-wild (others),7,4,3075
a5a2,in-the-wild (others),5,3,3595
14c9,active (others),1,1,3577
14bf,active (others),4,3,3472
8ff2,active (others),1,1,3480
17cb,in-the-wild (others),1,1,174
7edd,active (others),1,1,1741
c1d4,active (others),1,1,1538
a241,active (others),1,1,2885
30f8,active (others),5,5,3496
5d85,in-the-wild (others),1,1,2328
10d8,in-the-wild (others),1,1,139
e1c0,active (others),1,1,3468
c62e,active (others),7,2,2556
4377,active (others),3,2,3454
f847,inactive (dorm),1,1,3522
3a2d,active (others),2,1,3595
bae0,active (others),1,1,3552
fb46,active (others),2,2,2507
7a93,active (others),1,1,3554
de3b,active (others),1,1,2441
f714,active (others),4,4,3164
4a7c,in-the-wild (others),6,6,3560
e922,active (others),8,4,3286
cda2,active (others),1,1,3595
dcaa,active (others),1,1,3567
fc6b,active (others),4,2,3184
98fa,active (others),2,1,3069
c464,active (others),1,1,1751
6806,active (others),1,1,1954
08be,active (dorm),2,2,3593
652c,active (others),3,1,3193
e0df,active (others),1,1,2865
32b9,active (others),1,1,3484
c8cf,active (others),1,1,3577
8b1c,active (others),1,1,3478
2154,active (others),1,1,2402
a373,active (others),1,1,918
6347,inactive (dorm),1,1,3542
0670,active (others),1,1,3286
fdc1,in-the-wild (others),1,1,2905
6111,active (others),1,1,3355
cb6b,in-the-wild (others),3,1,3522
8439,in-the-wild (others),1,1,1611
93b3,active (dorm),3,2,3482
463d,active (others),1,1,195
1eef,active (others),1,1,1700
f1db,active (others),1,1,2609
bbfe,in-the-wild (others),1,1,1287
ce12,active (others),1,1,3540
5501,active (others),2,1,3290
cc45,inactive (dorm),1,1,3524
f48a,active (others),4,2,3546
94e9,inactive (dorm),1,1,3478
3431,active (others),2,2,864
a359,active (others),1,1,3589
e69d,active (others),1,1,1445
ce1c,inactive (dorm),1,1,3137
f6bd,active (others),1,1,2314
a04c,active (others),6,5,3569
0c3a,active (others),4,3,3359
2cc2,in-the-wild (others),2,2,1857
1b2b,in-the-wild (others),1,1,1855
5a3e,active (others),1,1,3371
39ce,active (others),11,7,2905
c744,active (others),2,2,3538
2a15,inactive (dorm),1,1,3540
baa5,active (others),2,2,1655
4f57,active (others),3,1,2566
203b,active (others),3,2,3500
d74b,inactive (dorm),1,1,2550
ab9b,in-the-wild (others),1,1,36
52f1,active (dorm),3,2,3442
83f1,in-the-wild (others),1,1,3444
0fcf,active (others),4,2,3442
0be2,active (others),1,1,373
6e3b,active (others),1,1,1242
4277,in-the-wild (others),6,6,3585
7bca,inactive (dorm),1,1,3200
3ae1,active (others),4,3,3420
d575,active (others),1,1,3571
5834,active (others),3,3,3530
fb19,active (others),1,1,2952
4ff8,active (others),1,1,2657
7710,active (others),1,1,3558
2a13,active (others),1,1,3577
f406,active (others),2,2,2644
695f,in-the-wild (others),1,1,2373
e131,in-the-wild (others),1,1,3486
44c2,active (others),1,1,1669
a1c3,active (others),1,1,3546
bb47,active (others),4,4,1704
eb35,active (others),1,1,1936
5b1e,active (others),1,1,2618
8eee,active (others),1,1,2390
6502,active (others),1,1,3482
b8fe,active (others),1,1,2172
01ad,active (others),3,3,2320
6140,inactive (dorm),1,1,3468
8b30,inactive (dorm),1,1,2763
31b4,active (others),1,1,3133
f0a7,active (others),1,1,1141
cbee,active (others),2,1,3514
b29c,inactive (dorm),1,1,3049
a002,active (others),1,1,1971
5d0e,active (others),1,1,2104
7fe0,active (others),2,2,3135
3581,inactive (dorm),1,1,3252
3847,active (others),1,1,3367
f6ef,active (others),1,1,3127
2d11,active (others),1,1,2312
f47f,active (others),4,3,2018
14a9,in-the-wild (others),3,2,2418
1edd,active (others),1,1,3597
8f76,inactive (dorm),1,1,3581
fb89,active (others),1,1,3202
4a0f,active (others),1,1,3565
24f8,active (others),1,1,2308
6823,active (others),2,2,2086
8e00,in-the-wild (others),2,1,3486
08c3,in-the-wild (others),8,8,2950
0577,active (others),1,1,2976
1626,inactive (dorm),1,1,3512
9a2f,active (others),1,1,3250
b57c,active (dorm),12,4,3563
c294,inactive (dorm),1,1,3595
013f,active (others),1,1,3100
d80c,active (others),2,2,1352
5804,active (others),3,3,3049
d67b,inactive (dorm),1,1,2659
a9c3,inactive (dorm),1,1,143
c501,active (others),4,4,2428
a0a3,inactive (dorm),1,1,3556
97dc,inactive (dorm),1,1,3512
4a97,active (others),1,1,3496
3b66,inactive (dorm),1,1,1219
56fe,active (others),6,6,3034
3a03,active (others),1,1,2708
be39,in-the-wild (others),1,1,1516
733b,active (others),1,1,2863
f099,in-the-wild (others),1,1,3234
741d,in-the-wild (others),1,1,3359
6410,inactive (dorm),1,1,3398
de84,active (others),1,1,3238
8bf8,active (others),1,1,3558
2226,active (others),1,1,3394
7d9c,active (others),1,1,3164
bb69,inactive (dorm),1,1,3546
5174,active (others),1,1,3486
3c2b,in-the-wild (others),2,1,3522
a20d,in-the-wild (others),3,3,1275
df0a,active (others),2,2,1024
7c11,active (others),3,3,3092
c88b,active (others),1,1,3482
fee5,active (others),1,1,1207
4c1d,active (others),1,1,2609
4995,in-the-wild (others),1,1,3197
b89b,active (others),3,1,3377
3578,active (others),1,1,3385
b24f,active (others),1,1,3597
f76b,active (others),1,1,1634
8831,in-the-wild (others),1,1,2710
73d0,active (others),1,1,3316
3d55,active (others),1,1,3516
14c5,active (others),1,1,3597
ea6e,in-the-wild (others),2,2,2147
3b27,active (others),3,3,2651
0666,active (others),1,1,3518
81de,in-the-wild (others),1,1,1100
bd50,active (others),1,1,3528
73fa,active (others),1,1,2632
f56d,active (others),1,1,704
b8e0,active (others),1,1,2453
78e4,active (others),1,1,3149
0051,inactive (dorm),1,1,3482
77b2,inactive (dorm),3,1,1934
c85d,inactive (dorm),1,1,3563
8995,in-the-wild (others),6,5,3224
59e1,active (others),3,3,907
e8e2,in-the-wild (others),10,8,3587
68dc,active (others),1,1,3595
5a45,active (others),2,2,3208
e8ed,active (others),1,1,68
2403,active (others),1,1,3067
42c3,in-the-wild (others),1,1,2765
a9f9,inactive (dorm),1,1,3334
5f6f,active (others),1,1,3544
2828,in-the-wild (others),7,5,3571
d791,active (others),1,1,831
cdf2,active (others),1,1,2983
3e35,inactive (dorm),1,1,3440
de0d,in-the-wild (others),1,1,2919
c833,inactive (dorm),1,1,3250
feb4,active (others),3,2,3581
b947,active (others),1,1,3392
b7a8,inactive (dorm),1,1,3410
6332,active (others),1,1,1378
0f76,active (others),11,4,3538
6a16,inactive (dorm),1,1,3591
f551,active (others),1,1,2521
7305,active (others),3,1,2903
5bc5,active (others),1,1,3571
c6a7,inactive (dorm),1,1,3303
6333,active (others),2,2,3540
e506,active (others),1,1,2976
3355,active (others),1,1,3589
4f3e,inactive (dorm),1,1,2710
669b,inactive (dorm),1,1,3544
e63a,active (others),1,1,3297
fb95,in-the-wild (others),3,1,3468
51d9,active (others),1,1,2044
04d5,active (others),1,1,1760
33fa,active (others),1,1,3567
6bf1,active (others),1,1,1378
91c4,active (dorm),2,2,3322
3939,active (others),2,1,3542
7b57,inactive (dorm),1,1,3516
7902,active (others),6,4,3510
f4b2,active (others),1,1,3299
3126,in-the-wild (others),12,5,2628
7cdd,active (others),15,10,3581
643c,active (others),1,1,442
ba61,active (others),1,1,3385
1f5b,inactive (dorm),1,1,889
8204,in-the-wild (others),2,2,3494
76a6,active (others),1,1,3595
b3c6,active (others),1,1,2985
949c,inactive (dorm),1,1,3276
37f3,active (others),1,1,3420
bbd6,active (others),3,3,3377
c0ac,active (others),1,1,607
77ed,in-the-wild (others),1,1,3206
43e1,active (others),1,1,3182
a34b,active (others),1,1,2829
0779,inactive (dorm),1,1,704
bddc,active (others),3,2,3514
8590,inactive (dorm),1,1,3595
a12c,active (others),1,1,3135
d546,active (others),1,1,3264
b48e,inactive (dorm),1,1,3248
ba24,active (others),1,1,1265
8649,active (others),3,3,3385
d275,active (others),1,1,3452
b72e,active (others),2,2,2667
5f1b,inactive (dorm),1,1,611
bf42,in-the-wild (others),1,1,3053
007d,active (others),1,1,3577
3984,inactive (dorm),1,1,2114
a6e4,active (others),1,1,1564
ae7a,active (others),1,1,30
e536,active (dorm),2,2,2895
62d7,active (others),1,1,492
491f,active (others),1,1,3530
0d18,active (others),1,1,3593
0b53,inactive (dorm),1,1,2414
1c0c,inactive (dorm),1,1,3200
e7fa,active (others),2,1,3392
ad98,active (others),1,1,1868
07aa,active (others),1,1,2394
c166,active (others),1,1,3326
55de,active (others),2,2,1806
1977,active (others),2,1,3248
ea27,in-the-wild (others),4,3,3051
fd71,active (others),2,2,1685
ce1b,active (others),3,3,2993
cbc0,active (others),2,1,3162
aa05,in-the-wild (others),1,1,3440
e6e4,active (others),1,1,3352
5c6b,active (others),1,1,3587
7b40,in-the-wild (others),8,8,3546
5566,inactive (dorm),1,1,1421
eb70,inactive (dorm),1,1,2667
e255,active (others),1,1,3565
71af,active (others),9,6,3062
5c2d,active (others),1,1,3581
97a9,active (others),2,2,2383
8e37,active (others),1,1,2626
a2f1,active (others),1,1,3260
e9f4,active (others),1,1,1819
87e4,active (others),1,1,1573
a53a,active (others),1,1,568
fe50,active (others),1,1,3433
1a1a,active (others),1,1,665
640c,inactive (dorm),1,1,3454
1e4f,active (others),2,2,3514
b821,inactive (dorm),1,1,3534
9c2b,active (others),1,1,3435
5e65,active (others),1,1,605
cdcc,in-the-wild (others),1,1,3542
7f23,active (others),1,1,3508
ff24,inactive (dorm),1,1,3538
6869,active (others),1,1,3524
acea,active (others),6,5,1544
044a,active (others),3,3,365
b11b,active (others),1,1,3567
a9f6,active (others),1,1,3266
81c3,active (others),3,2,2694
c038,inactive (dorm),1,1,3591
cab4,in-the-wild (others),7,5,2422
473f,active (others),1,1,3297
4f5e,inactive (dorm),1,1,3373
f042,active (others),1,1,3030
5040,in-the-wild (others),6,3,3595
7bee,active (others),1,1,3338
134c,active (others),1,1,3450
eceb,active (others),4,4,3538
a896,active (others),1,1,2527
563d,active (others),1,1,2993
3aa1,inactive (dorm),1,1,3569
b8d1,active (others),7,6,3583
5833,inactive (dorm),1,1,3476
4bd8,active (others),3,2,3361
1734,active (others),1,1,3055
8b9a,inactive (dorm),2,1,2717
5214,active (others),1,1,3540
e762,in-the-wild (others),2,1,1542
7f11,in-the-wild (others),1,1,32
8b6a,active (others),5,2,3468
9d75,inactive (dorm),1,1,3442
0cd0,inactive (dorm),4,1,3293
46c1,in-the-wild (others),1,1,3597
4804,inactive (dorm),1,1,3012
5163,active (others),1,1,3589
2846,active (others),1,1,3587
4a83,active (others),1,1,3508
91bb,active (dorm),5,3,1601
5c43,active (others),1,1,2665
f888,active (others),3,2,3053
1a8d,in-the-wild (others),5,5,2663
86b0,inactive (dorm),1,1,3567
6bbc,active (others),4,2,864
9aa9,inactive (dorm),1,1,3272
8146,active (others),1,1,1163
3197,active (others),5,4,550
eff2,active (others),2,1,2756
f060,inactive (dorm),1,1,3486
4239,inactive (dorm),1,1,3156
cee0,active (dorm),6,5,3540
decb,active (dorm),4,4,2086
821a,inactive (dorm),1,1,3290
f2be,active (others),1,1,3080
85a4,active (others),5,4,444
330c,in-the-wild (others),6,4,1445
a375,active (others),1,1,3458
8d7b,in-the-wild (others),1,1,110
8786,inactive (dorm),1,1,2708
0135,active (dorm),7,7,3597
e360,in-the-wild (others),3,3,2873
a9c3,inactive (dorm),1,1,3591
a748,active (others),8,7,3005
e036,active (others),5,1,3563
4fd9,active (others),1,1,3532
38c7,active (others),1,1,254
6b28,active (others),1,1,2006
bfc6,active (others),18,3,3589
d80a,active (others),2,2,2550
c9dd,active (others),1,1,3458
3c04,active (others),3,1,3597
e499,active (others),3,3,785
6aa9,active (others),1,1,397
93a3,active (others),1,1,2057
90b6,active (others),1,1,3595
5b3b,active (others),2,1,3498
0771,active (others),3,2,1786
3725,active (others),1,1,3036
8118,inactive (dorm),1,1,3556
a8a5,active (others),1,1,3414
878c,active (others),2,2,661
7c34,inactive (dorm),1,1,3242
7f1e,active (others),1,1,3595
ea6a,active (others),1,1,1739
5a72,active (others),1,1,3597
fa2b,active (others),1,1,3305
de42,active (others),1,1,3484
be68,in-the-wild (others),2,2,1591
6aa7,active (others),1,1,3500
bc8b,in-the-wild (others),1,1,3500
c798,active (others),1,1,3425
81c0,active (others),1,1,2845
b8b3,active (dorm),4,3,587
1712,active (others),3,3,3560
ddd4,active (others),1,1,3320
81a7,active (dorm),3,2,3585
c9f6,active (others),8,8,3579
a289,active (others),1,1,3550
6c1f,active (dorm),3,3,3490
bbc9,inactive (dorm),1,1,108
848a,active (others),1,1,3286
0c84,in-the-wild (others),12,10,3242
f577,in-the-wild (others),1,1,3427
6caa,in-the-wild (others),5,5,3444
fe04,inactive (dorm),1,1,3352
80bd,in-the-wild (others),1,1,1106
5927,active (others),1,1,3494
27e1,inactive (dorm),1,1,3332
2f31,inactive (dorm),1,1,3464
4dec,in-the-wild (others),11,4,3108
9a36,active (others),1,1,3552
be57,inactive (dorm),1,1,3427
122f,active (others),9,2,3595
9c0b,in-the-wild (others),5,3,2035
5181,active (others),1,1,446
e1f4,active (others),3,1,3506
5146,active (others),2,1,1625
9a8f,active (others),1,1,2588
09dd,active (others),1,1,2086
41ae,in-the-wild (others),4,4,3554
0b06,active (others),1,1,3420
462c,active (others),7,2,3038
8db8,active (others),3,3,1806
d148,in-the-wild (others),11,6,3530
b0c8,active (others),2,2,3242
cb70,active (others),1,1,3530
c730,in-the-wild (others),1,1,30
af13,inactive (dorm),1,1,3571
859d,active (others),1,1,3160
83a2,active (others),2,2,2496
28af,in-the-wild (others),1,1,3530
30cd,in-the-wild (others),4,4,2985
9c1f,active (others),3,3,3456
8ffb,active (others),1,1,3516
7d82,active (others),1,1,3587
caf6,inactive (dorm),1,1,3593
b957,active (others),1,1,3220
d97a,inactive (dorm),1,1,3276
9b58,active (others),1,1,3153
c88d,active (others),1,1,3456
5390,inactive (dorm),1,1,1702
e147,active (others),1,1,3003
1241,active (others),1,1,1159
a2d8,active (others),1,1,3346
fb5a,active (others),3,1,3498
4d5e,active (others),1,1,3534
2595,inactive (dorm),1,1,174
7dc0,active (others),1,1,246
a902,in-the-wild (others),4,2,3510
5c10,in-the-wild (others),1,1,3548
b623,active (others),3,3,3488
0a45,in-the-wild (dorm),8,7,3538
18f2,inactive (dorm),1,1,2861
7b58,active (others),1,1,2208
d49f,inactive (dorm),1,1,1788
6658,active (others),1,1,1297
0960,in-the-wild (others),2,2,1891
c591,inactive (dorm),1,1,490
186b,active (others),2,2,2227
4b52,active (others),1,1,3587
6086,active (others),1,1,3552
59c1,active (others),5,4,3496
3a20,inactive (dorm),1,1,1232
d411,active (others),11,9,3118
0ed6,active (others),3,2,3526
ce69,active (others),1,1,3540
ef0c,active (others),1,1,1143
7553,active (others),4,3,3456
234b,active (others),1,1,3180
b29c,in-the-wild (others),5,4,3540
f8ec,in-the-wild (others),9,2,3595
d984,active (others),1,1,2430
32d2,active (others),1,1,2102
f693,in-the-wild (others),6,3,3206
4b9c,active (dorm),2,2,3348
6728,active (others),4,4,2550
1e17,active (others),2,2,3270
71f9,active (others),4,4,3585
a6d6,in-the-wild (others),2,2,1706
7448,active (others),1,1,1153
41d3,active (others),1,1,3143
57e5,inactive (dorm),1,1,3123
1124,active (others),1,1,3585
0d05,active (others),7,2,3571
54eb,active (others),1,1,381
30e1,active (others),3,2,3544
9185,active (others),1,1,2503
0f6f,active (others),1,1,3494
4978,active (others),4,2,3520
9ba6,active (others),1,1,3429
eaaa,active (others),1,1,3556
5227,inactive (dorm),1,1,3049
e97e,active (others),1,1,3446
50c1,in-the-wild (others),1,1,911
21e8,inactive (dorm),1,1,3536
29ab,active (others),1,1,1161
7558,active (others),1,1,3595
91c5,active (others),1,1,2974
7eaf,in-the-wild (others),7,7,3595
3e76,inactive (dorm),1,1,3520
86d5,inactive (dorm),1,1,3532
0684,inactive (dorm),1,1,3210
195d,inactive (dorm),1,1,2917
2677,active (others),1,1,3583
8b89,active (others),1,1,2698
c806,active (others),4,3,3575
ffd8,active (others),3,2,3595
5de1,inactive (dorm),1,1,3423
bb02,active (dorm),4,2,3528
1b50,inactive (dorm),1,1,3106
207d,active (others),2,1,2911
86e6,active (others),1,1,2802
913d,active (others),8,6,3595
3dd4,inactive (dorm),1,1,3456
d273,in-the-wild (others),1,1,2359
b154,active (others),1,1,2815
8351,active (others),1,1,3550
4d55,inactive (dorm),1,1,3346
439b,in-the-wild (others),2,1,704
0fa9,in-the-wild (others),1,1,3336
27c2,inactive (dorm),1,1,3416
7f10,in-the-wild (others),2,2,337
c211,inactive (dorm),1,1,22
9847,inactive (dorm),1,1,1876
5901,active (others),1,1,2708
c3a2,active (others),1,1,640
ee03,active (others),4,3,2869
0f6a,active (others),2,2,3504
74c3,inactive (dorm),1,1,3176
812d,active (others),2,2,3423
2001,in-the-wild (dorm),5,4,3583
f13e,in-the-wild (others),7,6,3565
6fb3,active (others),2,2,1643
e36b,in-the-wild (others),2,1,3587
fa2f,inactive (dorm),1,1,3420
20f0,active (others),1,1,2665
3185,inactive (dorm),4,1,3365
9125,active (others),1,1,3510
a653,active (others),1,1,1673
36bd,active (others),3,2,622
4c7a,in-the-wild (others),7,6,3530
d306,active (others),5,5,387
bbaf,active (others),3,2,3100
a707,in-the-wild (others),1,1,252
b40a,inactive (dorm),1,1,2993
46bc,active (others),1,1,3195
9996,active (others),2,2,3550
60b2,active (others),2,2,2710
b917,inactive (dorm),1,1,3307
c9fa,in-the-wild (others),1,1,2889
d75e,active (others),1,1,3102
8824,active (others),1,1,3581
244a,active (others),3,3,2936
53e0,in-the-wild (others),1,1,53
138c,in-the-wild (others),1,1,3567
4e86,active (others),2,2,1568
4c65,in-the-wild (others),1,1,1876
e1bf,active (others),1,1,3164
4f78,active (others),1,1,3595
6ca2,inactive (dorm),2,1,3538
7dee,active (others),1,1,3530
1b27,active (others),1,1,3389
e1fc,in-the-wild (others),1,1,3262
5cb5,inactive (dorm),1,1,3490
726b,active (others),5,4,2671
4118,in-the-wild (others),11,8,3589
9a0d,inactive (dorm),1,1,3350
ef52,inactive (dorm),1,1,3208
a277,active (others),1,1,1343
c88c,active (others),1,1,3591
32b9,inactive (dorm),1,1,2883
eb88,active (others),1,1,3522
ff33,active (others),1,1,3242
9ac7,active (others),3,3,1406
c4f3,in-the-wild (others),13,2,3595
57c8,active (others),1,1,1847
0af4,active (others),10,9,3595
cf18,active (others),1,1,431
310d,in-the-wild (others),2,2,3051
2fc7,active (others),1,1,3240
ad46,inactive (dorm),1,1,3427
784a,active (dorm),5,5,2995
bf3e,active (others),1,1,3478
c312,inactive (dorm),1,1,3587
1307,in-the-wild (others),7,5,3435
df83,active (others),1,1,3520
04db,active (others),3,3,2811
db52,in-the-wild (others),6,6,3585
6c41,in-the-wild (others),1,1,930
d5ad,active (others),2,2,3268
54f8,in-the-wild (others),9,7,3589
576e,in-the-wild (others),1,1,2640
e96f,active (others),1,1,3585
7aa9,active (others),1,1,3186
d52a,active (dorm),2,2,2930
1c31,active (others),1,1,1977
7da0,active (others),1,1,3238
9a92,inactive (dorm),1,1,3375
cc37,active (others),2,1,1928
0d43,active (others),6,5,3540
320f,active (others),1,1,3425
4249,active (others),6,2,2566
9332,active (others),1,1,3567
2ae9,in-the-wild (others),1,1,1510
69ec,active (others),1,1,3387
24a3,in-the-wild (others),4,3,3492
fbf3,active (others),2,2,2135
56fb,active (dorm),5,3,3571
4b3e,active (others),1,1,2993
1d09,active (dorm),16,6,3400
14c3,active (others),1,1,3536
e557,active (others),2,2,1922
e82d,active (others),1,1,1203
d5df,inactive (dorm),1,1,3044
0d23,active (others),1,1,2767
4a67,active (others),1,1,3102
6fe0,in-the-wild (others),3,3,2351
461b,in-the-wild (others),2,2,3526
f4d0,active (dorm),3,2,1468
f5cb,active (others),1,1,1398
3938,active (others),1,1,3186
54c2,active (others),1,1,3595
5ce2,inactive (dorm),2,1,1293
df1f,active (others),2,2,2928
d4db,active (others),1,1,2710
c129,inactive (dorm),1,1,3514
5139,active (others),2,2,3137
79fa,inactive (dorm),1,1,3508
f9ff,active (others),1,1,440
8925,active (others),2,2,3573
0327,active (others),1,1,913
f532,active (others),7,7,3496
cb77,active (others),1,1,1710
1aea,active (others),1,1,3579
d28f,active (others),1,1,3514
ea36,inactive (dorm),1,1,486
caf4,active (others),1,1,3540
ac5c,active (others),1,1,3540
4637,active (others),1,1,898
d3af,inactive (dorm),1,1,3452
df8d,active (others),1,1,2094
dee4,active (others),1,1,18
8f5f,active (others),5,5,3569
a075,active (others),1,1,3546
6bd5,inactive (dorm),3,1,3088
341a,in-the-wild (others),6,4,3528
293f,active (others),1,1,3490
4f52,in-the-wild (others),2,2,2190
2b47,inactive (dorm),1,1,3585
c611,active (others),2,1,3595
469f,active (others),1,1,3299
5992,active (others),1,1,3597
a6fb,active (others),1,1,3500
cc9b,inactive (dorm),1,1,3218
36fb,active (others),3,2,3575
d9f5,active (others),4,4,568
e04c,inactive (dorm),1,1,2675
af46,active (others),1,1,3452
4b20,active (others),1,1,3516
1a58,active (others),1,1,2729
fbde,active (others),3,3,2265
8969,in-the-wild (others),10,7,3394
5d5a,active (dorm),2,2,3464
d751,active (others),2,2,3258
5339,active (others),1,1,2831
edb4,active (others),1,1,3538
f4b5,active (others),3,2,3502
2390,inactive (dorm),1,1,3514
90c1,active (others),1,1,326
1ae7,active (others),2,2,2733
20ea,active (others),2,1,2121
e497,active (others),1,1,282
1fe9,active (others),1,1,3442
fd73,active (others),1,1,3141
e4c8,active (others),1,1,2704
b859,active (others),1,1,3094
98e8,active (others),6,4,3387
f62d,active (others),1,1,3022
5fcb,active (dorm),3,3,1956
5d33,active (others),1,1,3516
3bf7,active (others),1,1,3299
a403,in-the-wild (others),9,2,3088
2443,active (others),1,1,2739
efb9,active (others),3,2,2759
9b22,active (dorm),2,2,3593
f362,in-the-wild (others),2,2,1488
cead,active (others),1,1,3057
eeda,active (dorm),4,2,3248
d917,active (others),1,1,3193
d076,in-the-wild (others),7,4,2108
c875,active (others),1,1,3385
98a2,active (others),2,1,1482
328f,active (others),1,1,3540
c210,active (others),1,1,3464
0287,active (others),1,1,2887
f9d5,inactive (dorm),1,1,3069
88f3,active (others),1,1,3532
1b4d,active (dorm),4,2,3444
5f4a,in-the-wild (others),7,6,2412
861f,in-the-wild (others),3,3,3579
1f00,active (others),1,1,3435
c828,active (others),2,2,3554
7dce,active (others),1,1,1186
a0f5,active (others),1,1,3520
03a6,active (others),1,1,1512
17e7,in-the-wild (others),1,1,3550
af58,active (others),1,1,492
443a,inactive (dorm),1,1,3542
397c,inactive (dorm),1,1,3589
cd8c,in-the-wild (others),1,1,2083
ee92,active (others),1,1,2307
9707,active (others),7,4,3585
41ad,inactive (dorm),1,1,3316
5926,inactive (dorm),1,1,3147
8972,active (others),2,2,3593
26fb,inactive (dorm),1,1,2216
